p_match,year,team,player_in,player_out,inns_entered,team_role,bat_balls_in,batting_impact_in,bowl_balls_in,bowling_impact_in,bat_balls_out,batting_impact_out,bowl_balls_out,bowling_impact_out,combined_batting_impact,combined_bowling_impact,combined_bat_balls,combined_bowl_balls,slot_role,slot_impact,worst_bowler_impact,mean_bowler_impact,worst_batter_impact,mean_batter_impact,baseline_worst,baseline_mean,slot_impact_vs_worst,slot_impact_vs_mean,batting_slot_impact_vs_mean,bowling_slot_impact_vs_mean,substitution_effect
1359475,2023,Chennai Super Kings,Tushar Deshpande,Ambati Rayudu,2,Batted 1st,0,0.0,21,-21.237716065487618,12,-6.280016098584824,0,0.0,-6.280016098584824,-21.237716065487618,12,21,Bowling slot,-21.237716065487618,-0.8112098793351024,5.642088846135498,-15.986946622593337,-0.49602916899177174,-0.8112098793351024,5.642088846135498,-20.426506186152515,-26.879804911623115,-5.783986929593052,-26.879804911623115,-32.66379184121617
1359475,2023,Gujarat Titans,Sai Sudharsan,KS Williamson,2,Batted 2nd,17,-0.014284526156359334,0,0.0,0,0.0,0,0.0,-0.014284526156359334,0.0,17,0,Batting slot,-0.014284526156359334,-11.343995249810675,1.7080415750864997,-9.286239257105876,-0.2193924654830024,-9.286239257105876,-0.2193924654830024,9.271954730949517,0.20510793932664306,0.20510793932664306,-1.7080415750864997,-1.5029336357598566
1359477,2023,Delhi Capitals,Aman Hakim Khan,Khaleel Ahmed,1,Batted 2nd,0,0.0,0,0.0,0,0.0,24,10.7770809424831,0.0,10.7770809424831,0,24,Bowling slot,10.7770809424831,-2.603283144027439,-1.444265308698365,-12.788856240114171,-5.363638155244512,-2.603283144027439,-1.444265308698365,13.38036408651054,12.221346251181464,5.363638155244512,12.221346251181464,17.584984406425974
1359477,2023,Lucknow Super Giants,Krishnappa Gowtham,Ayush Badoni,1,Batted 1st,1,3.956996723652719,24,3.26659602984137,7,2.8348113435358795,0,0.0,6.791808067188598,3.26659602984137,8,24,Bowling slot,3.26659602984137,-10.776576478867298,11.146684735569654,-14.997496874747156,-1.9653046291463732,-10.776576478867298,11.146684735569654,14.043172508708668,-7.880088705728284,8.757112696334971,-7.880088705728284,0.8770239906066877
1359478,2023,Sunrisers Hyderabad,Abdul Samad,Fazalhaq Farooqi,2,Batted 2nd,32,5.208625096220308,0,0.0,0,0.0,24,5.9791578178489395,5.208625096220308,5.9791578178489395,32,24,Batting slot,5.208625096220308,-7.7440777588029945,-0.7958315644659208,-18.779234463937428,-8.91206945463774,-18.779234463937428,-8.91206945463774,23.987859560157737,14.120694550858047,14.120694550858047,6.77498938231486,20.895683933172908
1359478,2023,Rajasthan Royals,Navdeep Saini,Yashasvi Jaiswal,2,Batted 1st,0,0.0,15,-21.546047986327213,37,0.8340979370179298,0,0.0,0.8340979370179298,-21.546047986327213,37,15,Batting slot,0.8340979370179298,0.3403179461163006,19.309209596369314,-11.585792154661139,-0.4723496554228775,-11.585792154661139,-0.4723496554228775,12.419890091679068,1.3064475924408072,1.3064475924408072,-40.855257582696524,-39.54880999025572
1359479,2023,Mumbai Indians,Jason Behrendorff,Suryakumar Yadav,2,Batted 1st,0,0.0,18,-13.026154029882136,16,-8.801710279381396,0,0.0,-8.801710279381396,-13.026154029882136,16,18,Bowling slot,-13.026154029882136,-11.571124781206564,-2.5938079969868353,-20.650327343793094,-2.305817396392201,-11.571124781206564,-2.5938079969868353,-1.4550292486755723,-10.4323460328953,-6.495892882989195,-10.4323460328953,-16.928238915884496
1359480,2023,Lucknow Super Giants,Ayush Badoni,Avesh Khan,1,Batted 2nd,18,-6.074935146108798,0,0.0,0,0.0,18,-0.056390002927734884,-6.074935146108798,-0.056390002927734884,18,18,Bowling slot,-0.056390002927734884,-10.920555162689567,1.1760649978742992,-15.737837788363265,-2.490633104776158,-10.920555162689567,1.1760649978742992,10.864165159761832,-1.232455000802034,-3.58430204133264,-1.232455000802034,-4.816757042134674
1359480,2023,Chennai Super Kings,Tushar Deshpande,Ambati Rayudu,2,Batted 1st,0,0.0,27,5.823961149464208,14,0.6793478976106482,0,0.0,0.6793478976106482,5.823961149464208,14,27,Bowling slot,5.823961149464208,-16.155497064575137,3.362673139142309,-10.410415881864985,-0.9599184852410887,-16.155497064575137,3.362673139142309,21.979458214039344,2.461288010321899,1.6392663828517369,2.461288010321899,4.100554393173636
1359481,2023,Delhi Capitals,Khaleel Ahmed,Sarfaraz Khan,2,Batted 1st,0,0.0,24,3.579093826962545,34,-4.98444496409487,0,0.0,-4.98444496409487,3.579093826962545,34,24,Batting slot,-4.98444496409487,-13.743975360070415,0.22806687402617332,-12.274599095233313,-3.5848671651582373,-12.274599095233313,-3.5848671651582373,7.2901541311384435,-1.3995777989366323,-1.3995777989366323,3.3510269529363717,1.9514491539997394
1359481,2023,Gujarat Titans,Vijay Shankar,Josh Little,2,Batted 2nd,23,1.9604234847703026,0,0.0,0,0.0,24,2.0744601293758826,1.9604234847703026,2.0744601293758826,23,24,Bowling slot,2.0744601293758826,-6.427181711887002,7.0347578642286255,-8.79439972380976,-1.2903569615675081,-6.427181711887002,7.0347578642286255,8.501641841262884,-4.960297734852743,3.250780446337811,-4.960297734852743,-1.709517288514932
1359482,2023,Rajasthan Royals,Dhruv Jurel,Yuzvendra Chahal,1,Batted 2nd,15,10.58007650720115,0,0.0,0,0.0,24,-9.992339149043865,10.58007650720115,-9.992339149043865,15,24,Bowling slot,-9.992339149043865,-11.401121090280522,5.409635272666624,-16.755781398989143,-3.0725170386392313,-11.401121090280522,5.409635272666624,1.4087819412366578,-15.401974421710488,13.652593545840382,-15.401974421710488,-1.7493808758701057
1359482,2023,Punjab Kings,R Dhawan,Prabhsimran Singh,2,Batted 1st,0,0.0,0,0.0,34,10.767861108655225,0,0.0,10.767861108655225,0.0,34,0,Batting slot,10.767861108655225,-11.222680431269463,2.3333433003187825,-9.251304890478872,-3.735677175046309,-9.251304890478872,-3.735677175046309,20.019165999134096,14.503538283701534,14.503538283701534,-2.3333433003187825,12.170194983382752
1359483,2023,Kolkata Knight Riders,Suyash Sharma,Venkatesh Iyer,2,Batted 1st,0,0.0,24,3.0172993897559657,7,-16.766356591225758,0,0.0,-16.766356591225758,3.0172993897559657,7,24,Bowling slot,3.0172993897559657,-9.113830393079184,15.159177465457082,-15.682167945050821,0.8457945745503537,-9.113830393079184,15.159177465457082,12.13112978283515,-12.141878075701117,-17.612151165776112,-12.141878075701117,-29.754029241477227
1359483,2023,Royal Challengers Bangalore,Anuj Rawat,Mohammed Siraj,2,Batted 2nd,5,-13.080324935884533,0,0.0,0,0.0,25,-4.918664453367419,-13.080324935884533,-4.918664453367419,5,25,Bowling slot,-4.918664453367419,,,,,,,,,,,
1359484,2023,Lucknow Super Giants,A Badoni,Amit Mishra,1,Batted 2nd,0,0.0,0,0.0,0,0.0,24,15.076776303346001,0.0,15.076776303346001,0,24,Bowling slot,15.076776303346001,-3.585790284359689,9.02857885786217,-12.119408280307852,-4.733743200625717,-3.585790284359689,9.02857885786217,18.66256658770569,6.048197445483831,4.733743200625717,6.048197445483831,10.781940646109549
1359484,2023,Sunrisers Hyderabad,Fazalhaq Farooqi,Rahul Tripathi,2,Batted 1st,0,0.0,18,17.92638925514187,41,-15.00266944154236,0,0.0,-15.00266944154236,17.92638925514187,41,18,Batting slot,-15.00266944154236,-4.038816008822323,2.5349688582063585,-20.13050531172033,-7.749368572710951,-20.13050531172033,-7.749368572710951,5.127835870177972,-7.253300868831408,-7.253300868831408,15.391420396935512,8.138119528104104
1359485,2023,Delhi Capitals,Prithvi Shaw,Khaleel Ahmed,2,Batted 2nd,3,-17.976728841572168,0,0.0,0,0.0,12,-12.820143271005833,-17.976728841572168,-12.820143271005833,3,12,Bowling slot,-12.820143271005833,-3.9174490518329748,3.3640209917532724,-17.68875731137601,-4.602323284618836,-3.9174490518329748,3.3640209917532724,-8.902694219172858,-16.184164262759104,-13.37440555695333,-16.184164262759104,-29.558569819712435
1359485,2023,Rajasthan Royals,Murugan Ashwin,Jos Buttler,2,Batted 1st,0,0.0,7,-3.439087997442595,51,2.0067719781649416,0,0.0,2.0067719781649416,-3.439087997442595,51,7,Batting slot,2.0067719781649416,-6.512545752689068,13.487809937040627,-10.522665370148829,-1.2013467331850933,-10.522665370148829,-1.2013467331850933,12.52943734831377,3.2081187113500347,3.2081187113500347,-16.92689793448322,-13.718779223133186
1359486,2023,Mumbai Indians,Kumar Kartikeya,Tim David,2,Batted 1st,0,0.0,24,12.954842144740041,22,10.147338917356006,0,0.0,10.147338917356006,12.954842144740041,22,24,Bowling slot,12.954842144740041,-17.125948962337986,-0.5814349817334218,-13.941633272582393,-5.155065374208336,-17.125948962337986,-0.5814349817334218,30.080791107078028,13.536277126473463,15.302404291564342,13.536277126473463,28.838681418037805
1359486,2023,Chennai Super Kings,Ambati Rayudu,Deepak Chahar,2,Batted 2nd,16,-8.828338383064867,0,0.0,0,0.0,6,-3.266990277793667,-8.828338383064867,-3.266990277793667,16,6,Batting slot,-8.828338383064867,-4.474030086510476,7.903047945662536,-17.84611430257047,-0.30483221325201626,-17.84611430257047,-0.30483221325201626,9.017775919505603,-8.523506169812851,-8.523506169812851,-11.170038223456203,-19.693544393269054
1359487,2023,Gujarat Titans,Josh Little,Sai Sudharsan,2,Batted 1st,0,0.0,24,2.770803179275621,38,-6.776278247160747,0,0.0,-6.776278247160747,2.770803179275621,38,24,Batting slot,-6.776278247160747,-36.003539113208014,-0.6927007961131704,-11.56794234896853,-0.6447443495324382,-11.56794234896853,-0.6447443495324382,4.791664101807783,-6.131533897628309,-6.131533897628309,3.4635039753887913,-2.6680299222395174
1359487,2023,Kolkata Knight Riders,Venkatesh Iyer,Suyash Sharma,2,Batted 2nd,40,28.809837363428613,0,0.0,0,0.0,24,5.068744749297451,28.809837363428613,5.068744749297451,40,24,Batting slot,28.809837363428613,-8.469321908961636,0.9862510491050969,-15.347589430167915,-3.6012296697814445,-15.347589430167915,-3.6012296697814445,44.15742679359653,32.41106703321006,32.41106703321006,4.082493700192354,36.49356073340241
1359488,2023,Punjab Kings,Sikandar Raza,Prabhsimran Singh,1,Batted 1st,6,-11.837900201715868,0,0.0,1,-15.178804787103275,0,0.0,-27.016704988819143,0.0,7,0,Batting slot,-27.016704988819143,-10.510598653061734,1.0911363599760833,-17.14412358188403,-2.581282717966652,-17.14412358188403,-2.581282717966652,-9.872581406935112,-24.43542227085249,-24.43542227085249,-1.0911363599760833,-25.526558630828575
1359489,2023,Lucknow Super Giants,Ayush Badoni,Amit Mishra,1,Batted 2nd,24,-2.7567994423225066,0,0.0,0,0.0,12,5.088198012224311,-2.7567994423225066,5.088198012224311,24,12,Batting slot,-2.7567994423225066,-11.943951803000846,-0.2176396047660873,-19.185269527637587,-0.5243200546071363,-19.185269527637587,-0.5243200546071363,16.42847008531508,-2.2324793877153706,-2.2324793877153706,5.305837616990398,3.073358229275027
1359489,2023,Royal Challengers Bangalore,Karn Sharma,Anuj Rawat,2,Batted 2nd,0,0.0,18,-21.19751353616438,0,0.0,0,0.0,0.0,-21.19751353616438,0,18,Bowling slot,-21.19751353616438,,,,,,,,,,,
1359490,2023,Delhi Capitals,Mukesh Kumar,Prithvi Shaw,2,Batted 1st,0,0.0,12,-13.464313129557716,10,-6.33270856919151,0,0.0,-6.33270856919151,-13.464313129557716,10,12,Bowling slot,-13.464313129557716,-5.8133330981372495,6.142512516015346,-11.144796196965103,-1.79155408813275,-5.8133330981372495,6.142512516015346,-7.650980031420467,-19.60682564557306,-4.54115448105876,-19.60682564557306,-24.147980126631822
1359490,2023,Mumbai Indians,Tim David,Riley Meredith,2,Batted 2nd,11,-10.1321570844336,0,0.0,0,0.0,23,4.847917444821141,-10.1321570844336,4.847917444821141,11,23,Bowling slot,4.847917444821141,-8.663877464395014,3.2333886676163117,-7.139496146889456,-1.4232184732170823,-8.663877464395014,3.2333886676163117,13.511794909216155,1.614528777204829,-8.708938611216519,1.614528777204829,-7.094409834011691
1359491,2023,Rajasthan Royals,Adam Zampa,Jos Buttler,1,Batted 1st,1,-0.7025567003139683,24,-5.815488558453762,36,4.410384864057633,0,0.0,3.707828163743665,-5.815488558453762,37,24,Batting slot,3.707828163743665,-13.64619196786177,6.012747601794555,-11.078537987936642,-3.850868230608956,-11.078537987936642,-3.850868230608956,14.786366151680307,7.558696394352621,7.558696394352621,-11.828236160248316,-4.269539765895695
1359491,2023,Chennai Super Kings,Ambati Rayudu,Sisanda Magala,2,Batted 2nd,2,-8.728433942853783,0,0.0,0,0.0,12,-0.3696877043223594,-8.728433942853783,-0.3696877043223594,2,12,Bowling slot,-0.3696877043223594,-12.500620933323937,4.723587430968277,-13.545333144644019,-2.2171165010950324,-12.500620933323937,4.723587430968277,12.130933229001577,-5.093275135290637,-6.5113174417587505,-5.093275135290637,-11.604592577049388
1359492,2023,Punjab Kings,Rahul Chahar,PBB Rajapaksa,2,Batted 1st,0,0.0,18,-0.16818350046363406,0,0.0,0,0.0,0.0,-0.16818350046363406,0,18,Bowling slot,-0.16818350046363406,0.5837839092755956,6.388189570757747,-16.060927986772754,-4.916472161168778,0.5837839092755956,6.388189570757747,-0.7519674097392297,-6.5563730712213815,4.916472161168778,-6.5563730712213815,-1.6399009100526039
1359493,2023,Sunrisers Hyderabad,Washington Sundar,Harry Brook,2,Batted 1st,0,0.0,12,-8.710199773398145,55,11.244338003735406,0,0.0,11.244338003735406,-8.710199773398145,55,12,Batting slot,11.244338003735406,-17.814844605299324,7.7420399502279675,-21.115218091577617,-4.448867596295417,-21.115218091577617,-4.448867596295417,32.359556095313025,15.693205600030822,15.693205600030822,-16.452239723626114,-0.759034123595292
1359493,2023,Kolkata Knight Riders,Venkatesh Iyer,Suyash Sharma,2,Batted 2nd,11,-16.68324137246688,0,0.0,0,0.0,24,-3.742770405490205,-16.68324137246688,-3.742770405490205,11,24,Bowling slot,-3.742770405490205,-12.336373830585217,2.4571283972053144,-20.625252457691687,-1.6645948256593521,-12.336373830585217,2.4571283972053144,8.593603425095012,-6.19989880269552,-15.01864654680753,-6.19989880269552,-21.21854534950305
1359494,2023,Royal Challengers Bangalore,Anuj Rawat,Mahipal Lomror,1,Batted 2nd,22,-10.47018110691147,0,0.0,18,2.5971456232699097,0,0.0,-7.87303548364156,0.0,40,0,Batting slot,-7.87303548364156,,,,,,,,,,,
1359494,2023,Delhi Capitals,Prithvi Shaw,Mustafizur Rahman,2,Batted 2nd,2,-15.626663628422108,0,0.0,0,0.0,18,-15.882094871044332,-15.626663628422108,-15.882094871044332,2,18,Bowling slot,-15.882094871044332,1.9305546619948473,6.626068864312669,-18.391820898425237,-2.4621585822096916,1.9305546619948473,6.626068864312669,-17.812649533039178,-22.508163735357,-13.164505046212415,-22.508163735357,-35.67266878156941
1359495,2023,Lucknow Super Giants,Krishnappa Gowtham,Kyle Mayers,1,Batted 1st,2,-3.4349465100119687,24,5.094726595782404,23,-4.539963688414957,0,0.0,-7.974910198426926,5.094726595782404,25,24,Batting slot,-7.974910198426926,-6.11550810898936,4.522200226518116,-6.761498182419457,-3.9091674065115107,-6.761498182419457,-3.9091674065115107,-1.213412016007469,-4.065742791915415,-4.065742791915415,0.5725263692642883,-3.493216422651127
1359495,2023,Punjab Kings,Prabhsimran Singh,Rahul Chahar,2,Batted 2nd,4,-13.113632351803176,0,0.0,0,0.0,18,-0.8186221867474117,-13.113632351803176,-0.8186221867474117,4,18,Bowling slot,-0.8186221867474117,0.8011677467785461,6.677811939544404,-16.95001284494424,-1.621343930729978,0.8011677467785461,6.677811939544404,-1.6197899335259578,-7.496434126291816,-11.492288421073198,-7.496434126291816,-18.988722547365015
1359496,2023,Mumbai Indians,Rohit Sharma,Riley Meredith,2,Batted 2nd,13,-3.5242816268081185,0,0.0,0,0.0,24,-1.8861719636962553,-3.5242816268081185,-1.8861719636962553,13,24,Bowling slot,-1.8861719636962553,-12.48321411207224,3.4268842828430524,-4.123307908265517,4.20538885637096,-12.48321411207224,3.4268842828430524,10.597042148375984,-5.313056246539308,-7.729670483179079,-5.313056246539308,-13.042726729718385
1359496,2023,Kolkata Knight Riders,Suyash Sharma,Venkatesh Iyer,2,Batted 1st,0,0.0,24,12.720662702805697,51,43.664660946829926,0,0.0,43.664660946829926,12.720662702805697,51,24,Batting slot,43.664660946829926,-14.577396036831168,-5.73811903570389,-16.56807883954653,-8.416130056764132,-16.56807883954653,-8.416130056764132,60.232739786376456,52.08079100359406,52.08079100359406,18.458781738509586,70.53957274210364
1359497,2023,Rajasthan Royals,Devdutt Padikkal,Yuzvendra Chahal,1,Batted 2nd,25,-3.8000206634245757,0,0.0,0,0.0,24,2.7417525570339336,-3.8000206634245757,2.7417525570339336,25,24,Batting slot,-3.8000206634245757,-11.24337336789354,3.1266242233712633,-19.16450926223189,-0.11321652205828947,-19.16450926223189,-0.11321652205828947,15.364488598807313,-3.686804141366286,-3.686804141366286,-0.3848716663373297,-4.071675807703616
1359497,2023,Gujarat Titans,Noor Ahmad,Shubman Gill,2,Batted 1st,0,0.0,14,-2.250220191637176,34,-5.143906430073244,0,0.0,-5.143906430073244,-2.250220191637176,34,14,Batting slot,-5.143906430073244,-26.60854327681477,1.3911946063056135,-12.95001284494424,-1.443477574349392,-12.95001284494424,-1.443477574349392,7.806106414870996,-3.7004288557238523,-3.7004288557238523,-3.6414147979427893,-7.341843653666642
1359498,2023,Chennai Super Kings,Akash Singh,Ambati Rayudu,2,Batted 1st,0,0.0,18,0.8062869267007216,6,-1.699817208006884,0,0.0,-1.699817208006884,0.8062869267007216,6,18,Bowling slot,0.8062869267007216,-2.634597393335838,2.6387426103791185,-18.913151009398007,-0.32859753865563385,-2.634597393335838,2.6387426103791185,3.4408843200365595,-1.832455683678397,-1.3712196693512502,-1.832455683678397,-3.203675353029647
1359498,2023,Royal Challengers Bangalore,Suyash Prabhudessai,Mohammed Siraj,2,Batted 2nd,11,-0.18913179076485598,0,0.0,0,0.0,24,24.850041422503192,-0.18913179076485598,24.850041422503192,11,24,Bowling slot,24.850041422503192,,,,,,,,,,,
1359499,2023,Mumbai Indians,Riley Meredith,Tilak Varma,2,Batted 1st,0,0.0,24,7.193772711960804,17,9.111666482496787,0,0.0,9.111666482496787,7.193772711960804,17,24,Bowling slot,7.193772711960804,-6.07640117916992,3.96124798351363,-6.9040901004402215,-2.222335822405148,-6.07640117916992,3.96124798351363,13.270173891130725,3.2325247284471743,11.334002304901935,3.2325247284471743,14.566527033349109
1359499,2023,Sunrisers Hyderabad,Abdul Samad,T Natarajan,2,Batted 2nd,12,-1.5550265138432575,0,0.0,0,0.0,24,0.32733842477577735,-1.5550265138432575,0.32733842477577735,12,24,Bowling slot,0.32733842477577735,-4.056328504225505,0.4181685511882942,-11.583915092691669,-2.5444986115685695,-4.056328504225505,0.4181685511882942,4.383666929001282,-0.09083012641251687,0.989472097725312,-0.09083012641251687,0.8986419713127951
1359500,2023,Rajasthan Royals,Devdutt Padikkal,Yuzvendra Chahal,1,Batted 2nd,21,-11.296325199664228,0,0.0,0,0.0,24,-7.450746998682924,-11.296325199664228,-7.450746998682924,21,24,Bowling slot,-7.450746998682924,1.1216283962873739,10.674749112300493,-14.184169027405972,-5.564560607264972,1.1216283962873739,10.674749112300493,-8.572375394970297,-18.125496110983416,-5.731764592399256,-18.125496110983416,-23.85726070338267
1359500,2023,Lucknow Super Giants,Amit Mishra,Kyle Mayers,2,Batted 1st,0,0.0,12,2.186336432977086,42,-5.187929449643477,0,0.0,-5.187929449643477,2.186336432977086,42,12,Batting slot,-5.187929449643477,-7.3456566915993164,9.612382603508388,-6.327376957894325,-4.29433142869651,-6.327376957894325,-4.29433142869651,1.1394475082508482,-0.8935980209469667,-0.8935980209469667,-7.426046170531302,-8.319644191478268
1359501,2023,Punjab Kings,Prabhsimran Singh,Rahul Chahar,2,Batted 2nd,30,-0.7679083849923458,0,0.0,0,0.0,24,12.453501787034497,-0.7679083849923458,12.453501787034497,30,24,Batting slot,-0.7679083849923458,-6.959525979354474,0.9589495326969043,-16.141380122639077,-4.3867045628362975,-16.141380122639077,-4.3867045628362975,15.373471737646732,3.6187961778439517,3.6187961778439517,11.494552254337593,15.113348432181546
1359501,2023,Royal Challengers Bangalore,Vijaykumar Vyshak,Faf du Plessis,2,Batted 2nd,0,0.0,18,12.333063290817794,56,5.3845642465607355,0,0.0,5.3845642465607355,12.333063290817794,56,18,Batting slot,5.3845642465607355,,,,,,,,,,,
1359502,2023,Delhi Capitals,Prithvi Shaw,Ishant Sharma,1,Batted 2nd,11,-6.560605937934639,0,0.0,0,0.0,24,28.059766523333835,-6.560605937934639,28.059766523333835,11,24,Bowling slot,28.059766523333835,-13.61577470589679,8.837696585437035,-15.102615991626521,-6.9946589120433,-13.61577470589679,8.837696585437035,41.675541229230625,19.222069937896798,0.4340529741086607,19.222069937896798,19.656122912005458
1359502,2023,Kolkata Knight Riders,Anukul Roy,Venkatesh Iyer,1,Batted 1st,1,-5.542468008801158,24,23.8656785442873,2,-13.712373455992179,0,0.0,-19.254841464793337,23.8656785442873,3,24,Bowling slot,23.8656785442873,-9.456483429093174,5.276256629658406,-14.152939594744822,-5.888156442858408,-9.456483429093174,5.276256629658406,33.322161973380474,18.589421914628893,-13.366685021934929,18.589421914628893,5.222736892693964
1359503,2023,Sunrisers Hyderabad,Mayank Dagar,Rahul Tripathi,2,Batted 1st,0,0.0,18,8.424037527547426,21,-7.484676219775068,0,0.0,-7.484676219775068,8.424037527547426,21,18,Batting slot,-7.484676219775068,-15.643951712453315,3.8475016715027617,-14.60177429307632,-6.966224747249135,-14.60177429307632,-6.966224747249135,7.117098073301252,-0.5184514725259328,-0.5184514725259328,4.576535856044664,4.0580843835187315
1359503,2023,Chennai Super Kings,Ambati Rayudu,Akash Singh,2,Batted 2nd,9,-6.378021177057988,0,0.0,0,0.0,18,12.396106617128709,-6.378021177057988,12.396106617128709,9,18,Bowling slot,12.396106617128709,-3.0809832050668433,8.77042856667806,-6.667462827061314,-6.282756594876502,-3.0809832050668433,8.77042856667806,15.477089822195552,3.6256780504506487,-0.09526458218148637,3.6256780504506487,3.5304134682691624
1359504,2023,Lucknow Super Giants,PN Mankad,Amit Mishra,1,Batted 2nd,0,0.0,0,0.0,0,0.0,12,10.618886352567927,0.0,10.618886352567927,0,12,Bowling slot,10.618886352567927,-14.312802309555689,8.525872619590217,-23.8109076306689,-7.6560311813148765,-14.312802309555689,8.525872619590217,24.931688662123616,2.0930137329777097,7.6560311813148765,2.0930137329777097,9.749044914292586
1359504,2023,Gujarat Titans,Jayant Yadav,Shubman Gill,2,Batted 1st,0,0.0,24,8.827869753433333,2,-14.768790472185543,0,0.0,-14.768790472185543,8.827869753433333,2,24,Bowling slot,8.827869753433333,1.1883228365553435,8.73672994951428,-15.653112105372383,-6.413243163055579,1.1883228365553435,8.73672994951428,7.63954691687799,0.09113980391905407,-8.355547309129964,0.09113980391905407,-8.26440750521091
1359505,2023,Punjab Kings,Nathan Ellis,Prabhsimran Singh,2,Batted 1st,0,0.0,24,-0.6682150829385627,17,-3.9291917362509423,0,0.0,-3.9291917362509423,-0.6682150829385627,17,24,Bowling slot,-0.6682150829385627,-9.885391110427207,2.778035844943903,-14.838791457757708,0.6688606212030788,-9.885391110427207,2.778035844943903,9.217176027488645,-3.4462509278824656,-4.598052357454021,-3.4462509278824656,-8.044303285336486
1359505,2023,Mumbai Indians,Nehal Wadhera,Jason Behrendorff,2,Batted 2nd,1,-3.1012792429566307,0,0.0,0,0.0,18,-12.121821230092717,-3.1012792429566307,-12.121821230092717,1,18,Bowling slot,-12.121821230092717,-10.1629139134997,2.273797723584422,-18.674921537721303,-1.8426743919668895,-10.1629139134997,2.273797723584422,-1.9589073165930166,-14.39561895367714,-1.2586048509897412,-14.39561895367714,-15.65422380466688
1359506,2023,Royal Challengers Bangalore,Harshal Patel,Faf du Plessis,2,Batted 2nd,0,0.0,24,10.877792071754573,39,17.469213906564406,0,0.0,17.469213906564406,10.877792071754573,39,24,Batting slot,17.469213906564406,,,,,,,,,,,
1359506,2023,Rajasthan Royals,Abdul Basith,Devdutt Padikkal,2,Batted 2nd,1,-0.960798226434076,0,0.0,34,9.101933654247972,0,0.0,8.141135427813897,0.0,35,0,Batting slot,8.141135427813897,-17.431783145919766,1.6489753006320267,-15.692490242735289,-3.6901893297265036,-15.692490242735289,-3.6901893297265036,23.833625670549186,11.8313247575404,11.8313247575404,-1.6489753006320267,10.182349456908375
1359507,2023,Chennai Super Kings,Akash Singh,AT Rayudu,2,Batted 1st,0,0.0,24,16.85461010438297,0,0.0,0,0.0,0.0,16.85461010438297,0,24,Bowling slot,16.85461010438297,-1.6226591830151733,8.229077974347206,-12.140984116620459,-0.333333329353166,-1.6226591830151733,8.229077974347206,18.477269287398144,8.625532130035765,0.333333329353166,8.625532130035765,8.958865459388932
1359507,2023,Kolkata Knight Riders,Venkatesh Iyer,Suyash Sharma,2,Batted 2nd,20,-13.946384855468324,0,0.0,0,0.0,24,21.55216045568539,-13.946384855468324,21.55216045568539,20,24,Bowling slot,21.55216045568539,-6.765475264600909,-3.2586934132610654,-21.34033410766429,-4.894846124516742,-6.765475264600909,-3.2586934132610654,28.317635720286297,24.810853868946452,-9.051538730951581,24.810853868946452,15.759315137994871
1359508,2023,Sunrisers Hyderabad,Rahul Tripathi,T Natarajan,1,Batted 2nd,21,-14.816464111748502,0,0.0,0,0.0,18,13.12574837787522,-14.816464111748502,13.12574837787522,21,18,Batting slot,-14.816464111748502,-15.96830543200926,5.520416845440633,-17.247223632337324,-5.204540762681503,-17.247223632337324,-5.204540762681503,2.430759520588822,-9.611923349066998,-9.611923349066998,7.605331532434588,-2.006591816632411
1359508,2023,Delhi Capitals,Mukesh Kumar,Sarfaraz Khan,2,Batted 1st,0,0.0,18,1.6966886848322673,9,-10.594563583450466,0,0.0,-10.594563583450466,1.6966886848322673,9,18,Bowling slot,1.6966886848322673,0.3948648479745458,9.91031215313735,-14.730562170795878,-3.5653685867068554,0.3948648479745458,9.91031215313735,1.3018238368577215,-8.213623468305082,-7.029194996743611,-8.213623468305082,-15.242818465048693
1359509,2023,Gujarat Titans,Josh Little,Shubman Gill,2,Batted 1st,0,0.0,12,-4.428468006784364,34,9.077822026718295,0,0.0,9.077822026718295,-4.428468006784364,34,12,Batting slot,9.077822026718295,-2.223764291992083,12.085693599865216,-17.42375634980496,-2.0111174313228575,-17.42375634980496,-2.0111174313228575,26.501578376523256,11.088939458041152,11.088939458041152,-16.51416160664958,-5.425222148608428
1359509,2023,Mumbai Indians,Tilak Varma,Kumar Kartikeya,2,Batted 2nd,3,-10.785586505989187,0,0.0,0,0.0,24,-4.048641086400423,-10.785586505989187,-4.048641086400423,3,24,Bowling slot,-4.048641086400423,-19.276081006141737,1.8097282157884258,-20.991886013769147,-4.521441348655253,-19.276081006141737,1.8097282157884258,15.227439919741315,-5.858369302188849,-6.2641451573339335,-5.858369302188849,-12.122514459522783
1359510,2023,Royal Challengers Bangalore,Faf du Plessis,Harshal Patel,2,Batted 2nd,7,-2.5292246973776855,0,0.0,0,0.0,24,-2.734303630319512,-2.5292246973776855,-2.734303630319512,7,24,Bowling slot,-2.734303630319512,,,,,,,,,,,
1359510,2023,Kolkata Knight Riders,Suyash Sharma,Jason Roy,2,Batted 1st,0,0.0,24,28.674121186603543,29,12.250833281640197,0,0.0,12.250833281640197,28.674121186603543,29,24,Batting slot,12.250833281640197,-18.092683229879135,-0.7790242970748503,-16.740152897586952,-2.8751347809657744,-16.740152897586952,-2.8751347809657744,28.99098617922715,15.125968062605972,15.125968062605972,29.453145483678394,44.57911354628437
1359511,2023,Rajasthan Royals,Kuldip Yadav,Shimron Hetmyer,2,Batted 1st,0,0.0,18,11.480994598002326,10,-9.767567173902364,0,0.0,-9.767567173902364,11.480994598002326,10,18,Bowling slot,11.480994598002326,-12.608872286401404,4.303801079634711,-9.898701944105383,1.0529566712181442,-12.608872286401404,4.303801079634711,24.08986688440373,7.1771935183676145,-10.820523845120508,7.1771935183676145,-3.643330326752894
1359511,2023,Chennai Super Kings,Ambati Rayudu,Akash Singh,2,Batted 2nd,2,-11.374037591007763,0,0.0,0,0.0,12,-16.78958764729714,-11.374037591007763,-16.78958764729714,2,12,Bowling slot,-16.78958764729714,-0.8779922936088678,4.0478829587781275,-20.224507349968206,-3.60432706752802,-0.8779922936088678,4.0478829587781275,-15.911595353688272,-20.837470606075268,-7.769710523479743,-20.837470606075268,-28.60718112955501
1359512,2023,Punjab Kings,Prabhsimran Singh,Gurnoor Brar,1,Batted 2nd,13,-24.457039216120506,0,0.0,0,0.0,20,-11.787681091038195,-24.457039216120506,-11.787681091038195,13,20,Bowling slot,-11.787681091038195,-7.650144449878383,2.9646135167697696,-19.846977651824318,-3.8542960793459935,-7.650144449878383,2.9646135167697696,-4.137536641159812,-14.752294607807965,-20.602743136774514,-14.752294607807965,-35.355037744582475
1359512,2023,Lucknow Super Giants,Amit Mishra,Kyle Mayers,2,Batted 1st,0,0.0,12,-5.362044105182605,24,8.649566322933424,6,4.314248858072119,8.649566322933424,-1.0477952471104857,24,18,Batting slot,8.649566322933424,-9.972887319990193,9.149685036670133,-16.209546599042966,-2.4415943887523075,-16.209546599042966,-2.4415943887523075,24.85911292197639,11.091160711685731,11.091160711685731,-10.197480283780619,0.893680427905112
1359513,2023,Gujarat Titans,Shubman Gill,Mohit Sharma,2,Batted 2nd,35,6.697822007989558,0,0.0,0,0.0,6,-4.964470273741398,6.697822007989558,-4.964470273741398,35,6,Batting slot,6.697822007989558,-24.813926381333097,3.442543944852086,-9.744368364757605,2.8504060051663584,-9.744368364757605,2.8504060051663584,16.442190372747163,3.8474160028231994,3.8474160028231994,-8.407014218593485,-4.5595982157702855
1359513,2023,Kolkata Knight Riders,Suyash Sharma,Venkatesh Iyer,2,Batted 1st,0,0.0,24,-9.48592012318813,14,-9.737321356329176,0,0.0,-9.737321356329176,-9.48592012318813,14,24,Bowling slot,-9.48592012318813,-13.658044699229194,-1.7227051810933722,-13.849606443848842,-0.3587040134556939,-13.658044699229194,-1.7227051810933722,4.172124576041064,-7.763214942094757,-9.378617342873481,-7.763214942094757,-17.14183228496824
1359514,2023,Delhi Capitals,Sarfaraz Khan,Ishant Sharma,1,Batted 2nd,10,-10.693857442214963,0,0.0,0,0.0,18,0.18810436960163202,-10.693857442214963,0.18810436960163202,10,18,Bowling slot,0.18810436960163202,-24.27444839028246,1.5623910864622104,-16.844346025442377,-0.18660033709967536,-24.27444839028246,1.5623910864622104,24.46255275988409,-1.3742867168605784,-10.507257105115288,-1.3742867168605784,-11.881543821975866
1359514,2023,Sunrisers Hyderabad,T Natarajan,Rahul Tripathi,2,Batted 1st,0,0.0,24,6.155420995534925,6,-7.027433162031201,0,0.0,-7.027433162031201,6.155420995534925,6,24,Bowling slot,6.155420995534925,-14.515467450409005,1.1689277612755533,-13.840039404368554,-0.13894666284021234,-14.515467450409005,1.1689277612755533,20.67088844594393,4.986493234259372,-6.888486499190988,4.986493234259372,-1.9019932649316162
1359515,2023,Chennai Super Kings,Akash Singh,AT Rayudu,2,Batted 1st,0,0.0,18,-11.433471795070005,0,0.0,0,0.0,0.0,-11.433471795070005,0,18,Bowling slot,-11.433471795070005,-2.132460850852681,3.286689439844887,-9.106919886871687,-1.1666625673590723,-2.132460850852681,3.286689439844887,-9.301010944217325,-14.720161234914892,1.1666625673590723,-14.720161234914892,-13.55349866755582
1359515,2023,Punjab Kings,Prabhsimran Singh,Kagiso Rabada,2,Batted 2nd,24,7.273261074511268,0,0.0,0,0.0,24,6.329835181161538,7.273261074511268,6.329835181161538,24,24,Bowling slot,6.329835181161538,-5.571714084310784,0.13402804459857903,-14.18837930535058,-1.7533194969522428,-5.571714084310784,0.13402804459857903,11.901549265472323,6.1958071365629594,9.02658057146351,6.1958071365629594,15.22238770802647
1359516,2023,Rajasthan Royals,Kuldeep Sen,Dhruv Jurel,2,Batted 1st,0,0.0,7,-11.504509550710708,3,-8.238992797654422,0,0.0,-8.238992797654422,-11.504509550710708,3,7,Bowling slot,-11.504509550710708,-16.220727723694203,1.7026398020538736,-11.129599972626764,-1.1087153129627814,-16.220727723694203,1.7026398020538736,4.7162181729834955,-13.207149352764581,-7.130277484691641,-13.207149352764581,-20.33742683745622
1359517,2023,Lucknow Super Giants,Ayush Badoni,Yash Thakur,2,Batted 2nd,11,-19.964557570038423,0,0.0,0,0.0,12,9.984222827289402,-19.964557570038423,9.984222827289402,11,12,Bowling slot,9.984222827289402,-4.038816008822323,9.044004437204935,-16.06529770482534,-6.32836918804806,-4.038816008822323,9.044004437204935,14.023038836111725,0.9402183900844676,-13.636188381990362,0.9402183900844676,-12.695969991905894
1359517,2023,Royal Challengers Bangalore,Harshal Patel,Anuj Rawat,2,Batted 2nd,0,0.0,23,12.858850986148614,11,-8.408808671123268,0,0.0,-8.408808671123268,12.858850986148614,11,23,Bowling slot,12.858850986148614,,,,,,,,,,,
1359518,2023,Delhi Capitals,Khaleel Ahmed,Priyam Garg,2,Batted 1st,0,0.0,24,22.062793086981024,14,-30.31619896133502,0,0.0,-30.31619896133502,22.062793086981024,14,24,Bowling slot,22.062793086981024,-0.9225956390841361,11.546364090884497,-18.034341063107277,-3.4368944987982206,-0.9225956390841361,11.546364090884497,22.98538872606516,10.516428996096527,-26.879304462536798,10.516428996096527,-16.362875466440272
1359518,2023,Gujarat Titans,Shubman Gill,Mohit Sharma,2,Batted 2nd,7,-12.78814310969625,0,0.0,0,0.0,24,5.997217478493466,-12.78814310969625,5.997217478493466,7,24,Bowling slot,5.997217478493466,-14.538256577602972,11.050206394405107,-19.65958895137237,-7.922872334403253,-14.538256577602972,11.050206394405107,20.53547405609644,-5.052988915911641,-4.865270775292998,-5.052988915911641,-9.91825969120464
1359519,2023,Chennai Super Kings,AT Rayudu,Maheesh Theekshana,1,Batted 2nd,0,0.0,0,0.0,0,0.0,24,9.614237691180044,0.0,9.614237691180044,0,24,Bowling slot,9.614237691180044,-10.869320849587172,10.932280501399674,,,-10.869320849587172,10.932280501399674,20.483558540767216,-1.3180428102196302,,-1.3180428102196302,
1359520,2023,Punjab Kings,Nathan Ellis,Prabhsimran Singh,2,Batted 1st,0,0.0,24,14.38957625512299,7,-14.164883447058259,0,0.0,-14.164883447058259,14.38957625512299,7,24,Bowling slot,14.38957625512299,-21.23869850629667,-6.29857633379459,-10.805017940482557,1.0412208650833552,-21.23869850629667,-6.29857633379459,35.62827476141966,20.68815258891758,-15.206104312141614,20.68815258891758,5.482048276775965
1359520,2023,Mumbai Indians,Suryakumar Yadav,Akash Madhwal,2,Batted 2nd,31,20.470316463603865,0,0.0,0,0.0,19,0.6756469062307011,20.470316463603865,0.6756469062307011,31,19,Batting slot,20.470316463603865,-12.289843057036702,1.8648706160988275,-19.368085880104417,-0.6734022099507811,-19.368085880104417,-0.6734022099507811,39.83840234370828,21.143718673554645,21.143718673554645,-1.1892237098681264,19.954494963686518
1359521,2023,Kolkata Knight Riders,Anukul Roy,Jason Roy,1,Batted 1st,7,2.8124599085274076,18,1.6110064318529993,19,-8.473689052399564,0,0.0,-5.6612291438721565,1.6110064318529993,26,18,Batting slot,-5.6612291438721565,-4.550260558101087,4.106207169777669,-13.844064483913797,-1.843002256294094,-13.844064483913797,-1.843002256294094,8.182835340041642,-3.8182268875780627,-3.8182268875780627,-2.4952007379246695,-6.313427625502732
1359521,2023,Sunrisers Hyderabad,Rahul Tripathi,T Natarajan,2,Batted 2nd,9,1.5870878394254646,0,0.0,0,0.0,24,5.112685465508149,1.5870878394254646,5.112685465508149,9,24,Bowling slot,5.112685465508149,-4.435367373526489,3.427112797002171,-16.94735731742324,-3.0928152544382748,-4.435367373526489,3.427112797002171,9.54805283903464,1.6855726685059782,4.679903093863739,1.6855726685059782,6.365475762369718
1359522,2023,Rajasthan Royals,Riyan Parag,Yashasvi Jaiswal,1,Batted 1st,6,-13.11295818748242,0,0.0,11,3.535717988313195,0,0.0,-9.577240199169225,0.0,17,0,Batting slot,-9.577240199169225,-14.402566710231753,-0.5279562536694158,-19.34367001497586,-7.519001027927753,-19.34367001497586,-7.519001027927753,9.766429815806635,-2.058239171241472,-2.058239171241472,0.5279562536694158,-1.5302829175720563
1359522,2023,Gujarat Titans,Shubman Gill,Mohit Sharma,2,Batted 2nd,35,-10.238805987927478,0,0.0,0,0.0,5,19.548649017898665,-10.238805987927478,19.548649017898665,35,5,Batting slot,-10.238805987927478,-3.7332842041278234,11.539920086524065,-3.7033258176276576,6.439293628137278,-3.7033258176276576,6.439293628137278,-6.53548017029982,-16.678099616064756,-16.678099616064756,8.0087289313746,-8.669370684690156
1359523,2023,Chennai Super Kings,Ambati Rayudu,Maheesh Theekshana,1,Batted 2nd,11,-4.80522229223773,0,0.0,0,0.0,24,-0.7674429720336278,-4.80522229223773,-0.7674429720336278,11,24,Bowling slot,-0.7674429720336278,-6.213440284196636,10.603138484510533,-10.983652804711475,-2.9605860512492788,-6.213440284196636,10.603138484510533,5.4459973121630085,-11.37058145654416,-1.844636240988451,-11.37058145654416,-13.215217697532612
1359523,2023,Mumbai Indians,Raghav Goyal,Suryakumar Yadav,2,Batted 1st,0,0.0,24,-3.141736384425343,22,1.3082242891272386,0,0.0,1.3082242891272386,-3.141736384425343,22,24,Bowling slot,-3.141736384425343,-13.473352313288256,3.791648155484911,-18.279598766171034,-5.9507193044051405,-13.473352313288256,3.791648155484911,10.331615928862913,-6.933384539910254,7.258943593532379,-6.933384539910254,0.32555905362212556
1359524,2023,Delhi Capitals,RV Patel,Ishant Sharma,1,Batted 2nd,0,0.0,0,0.0,0,0.0,18,-1.315210239965893,0.0,-1.315210239965893,0,18,Bowling slot,-1.315210239965893,-3.156178134998214,2.912691938096983,-1.2534078244557918,7.932515910871078,-3.156178134998214,2.912691938096983,1.8409678950323212,-4.227902178062876,-7.932515910871078,-4.227902178062876,-12.160418088933953
1359524,2023,Royal Challengers Bangalore,Harshal Patel,KM Jadhav,2,Batted 2nd,0,0.0,12,-11.498927624365905,0,0.0,0,0.0,0.0,-11.498927624365905,0,12,Bowling slot,-11.498927624365905,,,,,,,,,,,
1359525,2023,Gujarat Titans,Alzarri Joseph,Shubman Gill,2,Batted 1st,0,0.0,6,6.073450438746985,51,-4.618011898583603,0,0.0,-4.618011898583603,6.073450438746985,51,6,Batting slot,-4.618011898583603,-6.955099618765786,10.985309907880147,-7.320291363840255,0.20600397347862773,-7.320291363840255,0.20600397347862773,2.7022794652566517,-4.824015872062231,-4.824015872062231,-4.911859469133162,-9.735875341195392
1359525,2023,Lucknow Super Giants,Ayush Badoni,Yash Thakur,2,Batted 2nd,11,-3.415205625015153,0,0.0,0,0.0,24,4.697951495233866,-3.415205625015153,4.697951495233866,11,24,Bowling slot,4.697951495233866,-10.458885012577106,-0.09970735958373515,-12.457069868309105,-7.198099294141571,-10.458885012577106,-0.09970735958373515,15.156836507810972,4.797658854817601,3.782893669126418,4.797658854817601,8.580552523944018
1359526,2023,Sunrisers Hyderabad,Anmolpreet Singh,T Natarajan,2,Batted 2nd,25,-10.119787658223714,0,0.0,0,0.0,24,8.790098259977963,-10.119787658223714,8.790098259977963,25,24,Batting slot,-10.119787658223714,-10.456552927940187,-0.7580196546506223,-6.939691622315024,1.3028268102141225,-6.939691622315024,1.3028268102141225,-3.18009603590869,-11.422614468437837,-11.422614468437837,9.548117914628586,-1.8744965538092515
1359526,2023,Rajasthan Royals,Obed McCoy,Ravichandran Ashwin,2,Batted 1st,0,0.0,6,0.15119112140416746,0,0.0,24,5.953482763630362,0.0,6.104673885034529,0,30,Bowling slot,6.104673885034529,-11.965993750282536,-1.2761684745774184,-5.270219525018799,-1.249999996681213,-11.965993750282536,-1.2761684745774184,18.070667635317065,7.380842359611948,1.249999996681213,7.380842359611948,8.630842356293162
1359527,2023,Kolkata Knight Riders,Jason Roy,Suyash Sharma,2,Batted 2nd,24,3.1157889668217535,0,0.0,0,0.0,24,-1.3652558653624034,3.1157889668217535,-1.3652558653624034,24,24,Bowling slot,-1.3652558653624034,-13.931678213231066,2.435584219313569,-6.915985922325561,-2.4728076834681536,-13.931678213231066,2.435584219313569,12.566422347868663,-3.8008400846759725,5.588596650289907,-3.8008400846759725,1.7877565656139347
1359527,2023,Punjab Kings,Nathan Ellis,PBB Rajapaksa,2,Batted 1st,0,0.0,24,11.110314746274923,0,0.0,0,0.0,0.0,11.110314746274923,0,24,Bowling slot,11.110314746274923,-14.989584959308996,-0.310344215959318,-13.49895012050311,-1.4720277167243347,-14.989584959308996,-0.310344215959318,26.09989970558392,11.420658962234242,1.4720277167243347,11.420658962234242,12.892686678958576
1359528,2023,Royal Challengers Bangalore,Kedar Jadhav,Mahipal Lomror,1,Batted 2nd,10,-3.153150040785142,0,0.0,3,-8.14517900054419,0,0.0,-11.298329041329332,0.0,13,0,Batting slot,-11.298329041329332,,,,,,,,,,,
1359529,2023,Chennai Super Kings,Matheesha Pathirana,Shivam Dube,2,Batted 1st,0,0.0,24,6.557608959081026,12,4.82426315650909,0,0.0,4.82426315650909,6.557608959081026,12,24,Bowling slot,6.557608959081026,-3.3340341412096848,9.338128098287596,-12.46366064542903,-4.008056956336456,-3.3340341412096848,9.338128098287596,9.891643100290711,-2.78051913920657,8.832320112845547,-2.78051913920657,6.0518009736389775
1359529,2023,Delhi Capitals,Manish Pandey,Khaleel Ahmed,2,Batted 2nd,29,-20.1164696864939,0,0.0,0,0.0,24,6.3578188984077695,-20.1164696864939,6.3578188984077695,29,24,Batting slot,-20.1164696864939,-8.258347848448437,4.9780861104222485,-16.060927986772754,-3.681308862669457,-16.060927986772754,-3.681308862669457,-4.055541699721147,-16.435160823824443,-16.435160823824443,1.379732787985521,-15.055428035838922
1359530,2023,Kolkata Knight Riders,Suyash Sharma,Venkatesh Iyer,2,Batted 1st,0,0.0,18,2.072467390750518,42,5.9201164026744095,0,0.0,5.9201164026744095,2.072467390750518,42,18,Batting slot,5.9201164026744095,-19.266990277793667,-6.71737328829996,-11.723903890426849,-5.771045731649177,-11.723903890426849,-5.771045731649177,17.644020293101256,11.691162134323587,11.691162134323587,8.789840679050478,20.481002813374065
1359531,2023,Mumbai Indians,Akash Madhwal,Vishnu Vinod,2,Batted 1st,0,0.0,24,34.45447171707197,20,-1.4211561059139015,0,0.0,-1.4211561059139015,34.45447171707197,20,24,Bowling slot,34.45447171707197,-13.685337595069862,-0.890894346703137,-5.2620355251305,0.23685935372627073,-13.685337595069862,-0.890894346703137,48.13980931214183,35.3453660637751,-1.6580154596401722,35.3453660637751,33.68735060413493
1359531,2023,Gujarat Titans,Shubman Gill,Mohit Sharma,2,Batted 2nd,9,-21.97425588547671,0,0.0,0,0.0,24,-0.8343083151872932,-21.97425588547671,-0.8343083151872932,9,24,Bowling slot,-0.8343083151872932,-16.693206643594092,0.20857707468589304,-18.370599129585344,-0.8917493442310634,-16.693206643594092,0.20857707468589304,15.858898328406799,-1.0428853898731862,-21.082506541245646,-1.0428853898731862,-22.125391931118834
1359532,2023,Lucknow Super Giants,A Badoni,Amit Mishra,1,Batted 2nd,0,0.0,0,0.0,0,0.0,24,-5.606079949115937,0.0,-5.606079949115937,0,24,Bowling slot,-5.606079949115937,-10.36968770432236,2.309054899939156,-23.12993650230834,0.2810962792900689,-10.36968770432236,2.309054899939156,4.763607755206422,-7.915134849055093,-0.2810962792900689,-7.915134849055093,-8.196231128345161
1359532,2023,Sunrisers Hyderabad,Vivrant Sharma,Anmolpreet Singh,2,Batted 1st,0,0.0,0,0.0,27,-0.2696024081096766,0,0.0,-0.2696024081096766,0.0,27,0,Batting slot,-0.2696024081096766,-15.443145423907126,-0.23424689940839075,-10.587886836744886,-1.1398067203441886,-10.587886836744886,-1.1398067203441886,10.31828442863521,0.870204312234512,0.870204312234512,0.23424689940839075,1.1044512116429028
1359533,2023,Punjab Kings,Nathan Ellis,Prabhsimran Singh,2,Batted 1st,0,0.0,24,12.46917934483594,65,25.67048085135328,0,0.0,25.67048085135328,12.46917934483594,65,24,Batting slot,25.67048085135328,-5.647448700996369,7.129845017613845,-11.570781076700712,-8.274104328838899,-11.570781076700712,-8.274104328838899,37.24126192805399,33.94458518019218,33.94458518019218,5.339334327222095,39.283919507414275
1359533,2023,Delhi Capitals,Manish Pandey,Khaleel Ahmed,2,Batted 2nd,3,-13.794630357408536,0,0.0,0,0.0,24,0.8745430141875232,-13.794630357408536,0.8745430141875232,3,24,Bowling slot,0.8745430141875232,-13.71090290015077,5.228951072721915,-13.786635476624568,-4.605957677012275,-13.71090290015077,5.228951072721915,14.585445914338294,-4.354408058534392,-9.188672680396262,-4.354408058534392,-13.543080738930655
1359534,2023,Rajasthan Royals,Devdutt Padikkal,Yuzvendra Chahal,2,Batted 2nd,4,-13.717248334708785,0,0.0,0,0.0,24,0.8916070173386714,-13.717248334708785,0.8916070173386714,4,24,Bowling slot,0.8916070173386714,2.291930699522908,5.339160608295087,-20.130864557929286,-10.805910687580033,2.291930699522908,5.339160608295087,-1.4003236821842364,-4.4475535909564154,-2.911337647128752,-4.4475535909564154,-7.358891238085167
1359535,2023,Chennai Super Kings,Matheesha Pathirana,Shivam Dube,2,Batted 1st,0,0.0,19,11.080121060276909,34,6.320613357783195,0,0.0,6.320613357783195,11.080121060276909,34,19,Batting slot,6.320613357783195,-8.553598750406621,3.9056402861344894,-12.753177756829047,-7.795551829757458,-12.753177756829047,-7.795551829757458,19.07379111461224,14.116165187540652,14.116165187540652,7.1744807741424195,21.290645961683072
1359535,2023,Kolkata Knight Riders,Venkatesh Iyer,Suyash Sharma,2,Batted 2nd,4,-7.553554368539977,0,0.0,0,0.0,19,-10.19302851203355,-7.553554368539977,-10.19302851203355,4,19,Bowling slot,-10.19302851203355,-5.570728873016151,11.688255592510512,-16.42770705972208,-4.610953624481875,-5.570728873016151,11.688255592510512,-4.622299639017399,-21.88128410454406,-2.942600744058102,-21.88128410454406,-24.823884848602162
1359536,2023,Gujarat Titans,Yash Dayal,Shubman Gill,2,Batted 1st,0,0.0,24,4.351249673951308,58,20.09510276477276,0,0.0,20.09510276477276,4.351249673951308,58,24,Batting slot,20.09510276477276,-28.606526190865956,6.979399955313542,-16.95001284494424,-3.0343352215291772,-16.95001284494424,-3.0343352215291772,37.045115609717,23.129437986301937,23.129437986301937,-2.6281502813622337,20.501287704939703
1359536,2023,Sunrisers Hyderabad,Anmolpreet Singh,T Natarajan,2,Batted 2nd,4,-12.630282044426735,0,0.0,0,0.0,24,5.689771926240795,-12.630282044426735,5.689771926240795,4,24,Bowling slot,5.689771926240795,-5.8920641437657935,0.7597462540463695,-17.186048716381208,-2.661796740609229,-5.8920641437657935,0.7597462540463695,11.581836070006588,4.930025672194425,-9.968485303817506,4.930025672194425,-5.0384596316230805
1359537,2023,Lucknow Super Giants,Yash Thakur,Prerak Mankad,2,Batted 1st,0,0.0,25,3.2359091613386894,1,-14.338361823197545,0,0.0,-14.338361823197545,3.2359091613386894,1,25,Bowling slot,3.2359091613386894,-2.776580059541658,5.002468057836067,-14.344413092183402,-0.3751264009166711,-2.776580059541658,5.002468057836067,6.012489220880347,-1.7665588964973775,-13.963235422280874,-1.7665588964973775,-15.729794318778252
1359537,2023,Mumbai Indians,Vishnu Vinod,Akash Madhwal,2,Batted 2nd,4,-3.9639467360606915,0,0.0,0,0.0,24,10.12790184294818,-3.9639467360606915,10.12790184294818,4,24,Bowling slot,10.12790184294818,-15.028369878866346,1.217218396966544,-16.158073469168365,-4.0473837857430555,-15.028369878866346,1.217218396966544,25.156271721814527,8.910683445981636,0.08343704968236398,8.910683445981636,8.994120495664
1359538,2023,Delhi Capitals,Mukesh Kumar,Prithvi Shaw,2,Batted 1st,0,0.0,24,-12.942049534639423,38,-5.062566304286079,0,0.0,-5.062566304286079,-12.942049534639423,38,24,Batting slot,-5.062566304286079,1.8440245550408516,5.988409904438988,-5.537768308556377,0.020855438910190333,-5.537768308556377,0.020855438910190333,0.47520200427029735,-5.083421743196269,-5.083421743196269,-18.93045943907841,-24.01388118227468
1359538,2023,Punjab Kings,Prabhsimran Singh,Nathan Ellis,2,Batted 2nd,19,-9.80220778230597,0,0.0,0,0.0,24,0.2627772267556665,-9.80220778230597,0.2627772267556665,19,24,Bowling slot,0.2627772267556665,-8.62305972541158,0.9474445521599684,-15.653568862997048,-1.0282560293213634,-8.62305972541158,0.9474445521599684,8.885836952167246,-0.6846673254043019,-8.773951752984607,-0.6846673254043019,-9.458619078388908
1359539,2023,Sunrisers Hyderabad,T Natarajan,Abdul Samad,2,Batted 1st,0,0.0,24,5.5181343425202005,0,0.0,0,0.0,0.0,5.5181343425202005,0,24,Bowling slot,5.5181343425202005,-10.664549300173881,-1.589666022962657,-14.430929399827335,-1.2080415750865008,-10.664549300173881,-1.589666022962657,16.18268364269408,7.107800365482857,1.2080415750865008,7.107800365482857,8.315841940569358
1359540,2023,Punjab Kings,Nathan Ellis,Prabhsimran Singh,2,Batted 1st,0,0.0,24,0.6340173995998271,2,-14.060927986772754,0,0.0,-14.060927986772754,0.6340173995998271,2,24,Bowling slot,0.6340173995998271,-5.843265111021289,0.41379596127833196,-15.289749531472154,1.302113089375623,-5.843265111021289,0.41379596127833196,6.477282510621116,0.2202214383214951,-15.363041076148377,0.2202214383214951,-15.142819637826882
1359540,2023,Rajasthan Royals,Dhruv Jurel,Yuzvendra Chahal,2,Batted 2nd,4,2.6328963094348525,0,0.0,0,0.0,24,-12.105716203316083,2.6328963094348525,-12.105716203316083,4,24,Bowling slot,-12.105716203316083,-20.143297166736033,4.588491413458774,-16.6401936738514,-0.7031567934497153,-20.143297166736033,4.588491413458774,8.03758096341995,-16.694207616774857,3.3360531028845677,-16.694207616774857,-13.35815451389029
1359541,2023,Chennai Super Kings,Matheesha Pathirana,Shivam Dube,2,Batted 1st,0,0.0,24,26.392173731898907,9,3.192432443961561,0,0.0,3.192432443961561,26.392173731898907,9,24,Bowling slot,26.392173731898907,-12.896069101365754,14.651956562071938,-5.289636593276285,-2.548108106037053,-12.896069101365754,14.651956562071938,39.28824283326466,11.74021716982697,5.740540549998614,11.74021716982697,17.480757719825583
1359541,2023,Delhi Capitals,Prithvi Shaw,Khaleel Ahmed,2,Batted 2nd,7,-19.18573542309568,0,0.0,0,0.0,25,-1.9986014996274015,-19.18573542309568,-1.9986014996274015,7,25,Bowling slot,-1.9986014996274015,-8.767689284039108,1.7997202959628105,-16.39120619430713,-6.581426455709098,-8.767689284039108,1.7997202959628105,6.769087784411706,-3.798321795590212,-12.604308967386581,-3.798321795590212,-16.40263076297679
1359542,2023,Kolkata Knight Riders,Suyash Sharma,Harshit Rana,1,Batted 2nd,0,0.0,6,-5.401537841823092,0,0.0,18,9.667001188365248,0.0,4.265463346542155,0,24,Bowling slot,4.265463346542155,-8.39330687428923,2.1637976839961426,-10.431327039607112,-2.02758327227989,-8.39330687428923,2.1637976839961426,12.658770220831386,2.101665662546013,2.02758327227989,2.101665662546013,4.1292489348259025
1359542,2023,Lucknow Super Giants,Yash Thakur,Karan Sharma,2,Batted 1st,0,0.0,18,7.83830316096474,5,-13.687017552339256,0,0.0,-13.687017552339256,7.83830316096474,5,18,Bowling slot,7.83830316096474,-14.331586577582003,2.081989257910855,-12.094545712712033,-0.395692433131084,-14.331586577582003,2.081989257910855,22.169889738546743,5.756313903053885,-13.291325119208173,5.756313903053885,-7.535011216154288
1359543,2023,Sunrisers Hyderabad,Kartik Tyagi,Mayank Agarwal,2,Batted 1st,0,0.0,20,-14.326276778820699,46,11.089085470394416,0,0.0,11.089085470394416,-14.326276778820699,46,20,Batting slot,11.089085470394416,-14.177118210240366,-2.267368202263066,-6.548281192730052,-2.848176812424811,-6.548281192730052,-2.848176812424811,17.637366663124467,13.937262282819226,13.937262282819226,-12.058908576557632,1.8783537062615938
1359544,2023,Royal Challengers Bangalore,Himanshu Sharma,KD Karthik,2,Batted 2nd,0,0.0,18,-8.317170143629042,0,0.0,0,0.0,0.0,-8.317170143629042,0,18,Bowling slot,-8.317170143629042,,,,,,,,,,,
1359544,2023,Gujarat Titans,Vijay Shankar,Yash Dayal,2,Batted 2nd,35,10.699323159396826,0,0.0,0,0.0,24,1.214502182738066,10.699323159396826,1.214502182738066,35,24,Batting slot,10.699323159396826,-16.073831617224414,-0.8535388235677512,-11.919970796224504,-0.8718908509871639,-11.919970796224504,-0.8718908509871639,22.61929395562133,11.57121401038399,11.57121401038399,2.068041006305817,13.639255016689807
1370350,2023,Chennai Super Kings,Matheesha Pathirana,Shivam Dube,2,Batted 1st,0,0.0,24,7.206952556314057,3,-5.199720084965932,0,0.0,-5.199720084965932,7.206952556314057,3,24,Bowling slot,7.206952556314057,-15.354346714336431,9.260324223551237,-9.741506843155705,-1.721218480793301,-15.354346714336431,9.260324223551237,22.561299270650487,-2.0533716672371796,-3.478501604172631,-2.0533716672371796,-5.531873271409811
1370350,2023,Gujarat Titans,Vijay Shankar,Mohit Sharma,2,Batted 2nd,10,-1.0905891309496027,0,0.0,0,0.0,24,12.088574977714181,-1.0905891309496027,12.088574977714181,10,24,Bowling slot,12.088574977714181,-11.60811990046264,1.2899186182012148,-11.019835590791757,-4.31576603195694,-11.60811990046264,1.2899186182012148,23.69669487817682,10.798656359512966,3.2251769010073374,10.798656359512966,14.023833260520304
1370351,2023,Lucknow Super Giants,Kyle Mayers,Yash Thakur,2,Batted 2nd,13,-5.431676144720086,0,0.0,0,0.0,24,13.151915679004874,-5.431676144720086,13.151915679004874,13,24,Bowling slot,13.151915679004874,-16.39126954144598,-0.18073324569717641,-23.435957188051717,-7.709602513045828,-16.39126954144598,-0.18073324569717641,29.54318522045085,13.33264892470205,2.2779263683257422,13.33264892470205,15.610575293027793
1370351,2023,Mumbai Indians,Nehal Wadhera,Suryakumar Yadav,2,Batted 1st,12,4.341733790675021,0,0.0,20,6.715804367369955,0,0.0,11.057538158044977,0.0,32,0,Batting slot,11.057538158044977,-11.582977617209082,13.754616879196393,-9.248832647760167,-3.3293982297948523,-9.248832647760167,-3.3293982297948523,20.306370805805145,14.38693638783983,14.38693638783983,-13.754616879196393,0.6323195086434374
1370352,2023,Gujarat Titans,Josh Little,Shubman Gill,2,Batted 1st,0,0.0,18,7.686345717236524,60,25.999391795313016,0,0.0,25.999391795313016,7.686345717236524,60,18,Batting slot,25.999391795313016,-9.461696422494697,11.548769238213115,-15.334679414705509,-6.143100499141724,-15.334679414705509,-6.143100499141724,41.33407121001852,32.14249229445474,32.14249229445474,-3.8624235209765914,28.28006877347815
1370352,2023,Mumbai Indians,Nehal Wadhera,Akash Madhwal,2,Batted 2nd,3,-16.523657209425465,0,0.0,0,0.0,26,-4.148433953008244,-16.523657209425465,-4.148433953008244,3,26,Bowling slot,-4.148433953008244,-13.031617551581121,0.5442888308524246,-19.62160571362144,-4.8906534698876625,-13.031617551581121,0.5442888308524246,8.883183598572877,-4.692722783860669,-11.633003739537802,-4.692722783860669,-16.325726523398473
1422119,2024,Royal Challengers Bengaluru,Yash Dayal,KD Karthik,2,Batted 1st,0,0.0,18,2.180563376370941,0,0.0,0,0.0,0.0,2.180563376370941,0,18,Bowling slot,2.180563376370941,-10.428191188250302,-0.07550104739004364,-12.938140578985099,-3.6068927786455736,-10.428191188250302,-0.07550104739004364,12.608754564621243,2.2560644237609844,3.6068927786455736,2.2560644237609844,5.862957202406558
1422119,2024,Chennai Super Kings,Shivam Dube,Mustafizur Rahman,2,Batted 2nd,28,-0.39993157461765705,0,0.0,0,0.0,24,40.77475647308498,-0.39993157461765705,40.77475647308498,28,24,Batting slot,-0.39993157461765705,-11.464188220892538,-3.881626755641491,-11.534021848244066,-0.2655251034826044,-11.534021848244066,-0.2655251034826044,11.13409027362641,-0.13440647113505266,-0.13440647113505266,44.65638322872647,44.52197675759142
1422120,2024,Delhi Capitals,Abishek Porel,Ricky Bhui,1,Batted 1st,10,18.569805864187835,0,0.0,7,-13.168265205040179,0,0.0,5.401540659147656,0.0,17,0,Batting slot,5.401540659147656,-19.267293679746437,1.5872030537062853,-10.921044209276324,-2.9562237637083335,-10.921044209276324,-2.9562237637083335,16.32258486842398,8.35776442285599,8.35776442285599,-1.5872030537062853,6.770561369149704
1422120,2024,Punjab Kings,Prabhsimran Singh,Arshdeep Singh,1,Batted 2nd,17,-7.9992191501982575,0,0.0,0,0.0,24,13.006774121917324,-7.9992191501982575,13.006774121917324,17,24,Bowling slot,13.006774121917324,-7.027143980509862,1.0482950657203376,-7.7898086611983075,-0.2177141674342078,-7.027143980509862,1.0482950657203376,20.033918102427187,11.958479056196987,-7.78150498276405,11.958479056196987,4.1769740734329375
1422121,2024,Sunrisers Hyderabad,Abhishek Sharma,T Natarajan,2,Batted 2nd,19,-0.9736234061386995,0,0.0,0,0.0,24,31.525436197899282,-0.9736234061386995,31.525436197899282,19,24,Bowling slot,31.525436197899282,-16.289525811586522,-5.105087241233138,-11.652172426327112,-1.1282970731993622,-16.289525811586522,-5.105087241233138,47.814962009485804,36.63052343913242,0.15467366706066277,36.63052343913242,36.78519710619308
1422121,2024,Kolkata Knight Riders,Suyash Sharma,Ramandeep Singh,2,Batted 1st,0,0.0,12,-2.382486480102358,17,11.393583919880115,0,0.0,11.393583919880115,-2.382486480102358,17,12,Batting slot,11.393583919880115,-14.27440174493211,2.4764972943671912,-17.738641353988356,-2.174197988951714,-17.738641353988356,-2.174197988951714,29.13222527386847,13.56778190883183,13.56778190883183,-4.858983774469549,8.70879813436228
1422122,2024,Rajasthan Royals,Nandre Burger,Shimron Hetmyer,2,Batted 1st,0,0.0,18,-3.682134709385636,7,-8.640631096918426,0,0.0,-8.640631096918426,-3.682134709385636,7,18,Bowling slot,-3.682134709385636,0.7134374761873126,6.536430883415048,-11.53494939771167,0.5281222778457593,0.7134374761873126,6.536430883415048,-4.395572185572949,-10.218565592800683,-9.168753374764185,-10.218565592800683,-19.387318967564866
1422122,2024,Lucknow Super Giants,Deepak Hooda,Yash Thakur,2,Batted 2nd,13,4.262612125950582,0,0.0,0,0.0,19,-14.304328737978906,4.262612125950582,-14.304328737978906,13,19,Bowling slot,-14.304328737978906,-3.1090245372223677,4.060869689133708,-18.63423793587185,-4.751804547662885,-3.1090245372223677,4.060869689133708,-11.195304200756539,-18.365198427112613,9.014416673613468,-18.365198427112613,-9.350781753499145
1422123,2024,Gujarat Titans,Mohit Sharma,Sai Sudharsan,2,Batted 1st,0,0.0,24,10.821881314068396,39,-8.39864200058954,0,0.0,-8.39864200058954,10.821881314068396,39,24,Batting slot,-8.39864200058954,-11.085525419036797,3.685273627290124,-6.85481424721911,-2.6928010642756393,-6.85481424721911,-2.6928010642756393,-1.5438277533704294,-5.7058409363139,-5.7058409363139,7.136607686778271,1.4307667504643709
1422123,2024,Mumbai Indians,Dewald Brevis,Luke Wood,2,Batted 2nd,38,-0.4164115629481131,0,0.0,0,0.0,13,-8.090483332016113,-0.4164115629481131,-8.090483332016113,38,13,Batting slot,-0.4164115629481131,-7.019354594278283,5.889788797089188,-17.84611430257047,-2.88318378875709,-17.84611430257047,-2.88318378875709,17.429702739622357,2.466772225808977,2.466772225808977,-13.980272129105302,-11.513499903296324
1422124,2024,Punjab Kings,Arshdeep Singh,Prabhsimran Singh,2,Batted 1st,0,0.0,20,-13.909420704074494,17,0.9752885112351208,0,0.0,0.9752885112351208,-13.909420704074494,17,20,Bowling slot,-13.909420704074494,-9.386216425852538,4.6865278052624415,-8.93396878084667,-2.7462197088220193,-9.386216425852538,4.6865278052624415,-4.5232042782219555,-18.595948509336935,3.72150822005714,-18.595948509336935,-14.874440289279795
1422124,2024,Royal Challengers Bengaluru,Mahipal Lomror,Yash Dayal,2,Batted 2nd,8,7.0427525053001965,0,0.0,0,0.0,24,11.393587382516156,7.0427525053001965,11.393587382516156,8,24,Bowling slot,11.393587382516156,-11.574862020914196,1.3709324136005718,-15.898416859100308,-2.3665672610768453,-11.574862020914196,1.3709324136005718,22.968449403430352,10.022654968915583,9.409319766377042,10.022654968915583,19.431974735292627
1422125,2024,Chennai Super Kings,Matheesha Pathirana,Shivam Dube,2,Batted 1st,0,0.0,24,13.814610756531025,23,11.044619236287875,0,0.0,11.044619236287875,13.814610756531025,23,24,Bowling slot,13.814610756531025,-1.7209747815918348,11.637077847359652,-11.90915522517508,-2.6741032049361935,-1.7209747815918348,11.637077847359652,15.53558553812286,2.177532909171372,13.718722441224068,2.177532909171372,15.89625535039544
1422125,2024,Gujarat Titans,Sai Sudharsan,Mohit Sharma,2,Batted 2nd,31,-5.838973650455095,0,0.0,0,0.0,24,12.632699700961615,-5.838973650455095,12.632699700961615,31,24,Batting slot,-5.838973650455095,-9.924682670199417,-1.526539941526466,-11.456825118823957,-7.3512251492082425,-11.456825118823957,-7.3512251492082425,5.617851468368862,1.5122514987531472,1.5122514987531472,14.15923964248808,15.671491141241226
1422126,2024,Sunrisers Hyderabad,Umran Malik,Travis Head,2,Batted 1st,0,0.0,6,-4.934063413063569,24,11.014106276210782,0,0.0,11.014106276210782,-4.934063413063569,24,6,Batting slot,11.014106276210782,-9.441605404949279,8.186812682980023,-25.652794543135286,-5.753526569511834,-25.652794543135286,-5.753526569511834,36.66690081934607,16.767632845722616,16.767632845722616,-13.120876096043592,3.6467567496790245
1422126,2024,Mumbai Indians,Romario Shepherd,Kwena Maphaka,2,Batted 2nd,6,-2.550289915255392,0,0.0,0,0.0,24,-15.638076939558992,-2.550289915255392,-15.638076939558992,6,24,Bowling slot,-15.638076939558992,-5.39578743795721,5.527615388279109,-18.183191363348435,-5.5749516810968585,-5.39578743795721,5.527615388279109,-10.242289501601782,-21.1656923278381,3.0246617658414663,-21.1656923278381,-18.141030561996637
1422127,2024,Delhi Capitals,Abishek Porel,Khaleel Ahmed,1,Batted 2nd,10,-9.535822518689997,0,0.0,0,0.0,24,13.518055010946377,-9.535822518689997,13.518055010946377,10,24,Bowling slot,13.518055010946377,-10.680548509012517,-1.317451390106847,-13.506618124077931,-1.6187378219715043,-10.680548509012517,-1.317451390106847,24.198603519958894,14.835506401053223,-7.917084696718493,14.835506401053223,6.9184217043347305
1422127,2024,Rajasthan Royals,Nandre Burger,Shimron Hetmyer,2,Batted 1st,0,0.0,18,9.793961771345238,7,2.036472596533402,0,0.0,2.036472596533402,9.793961771345238,7,18,Bowling slot,9.793961771345238,-10.001577656712271,1.8908575358347566,-15.11020638735468,-1.7141203411753985,-10.001577656712271,1.8908575358347566,19.79553942805751,7.903104235510481,3.7505929377088005,7.903104235510481,11.653697173219282
1422128,2024,Royal Challengers Bengaluru,Vijaykumar Vyshak,KD Karthik,2,Batted 1st,0,0.0,24,14.451483825294048,0,0.0,0,0.0,0.0,14.451483825294048,0,24,Bowling slot,14.451483825294048,-19.71492605919225,-9.052702180132785,-10.471534839400533,-1.3211784929312878,-19.71492605919225,-9.052702180132785,34.1664098844863,23.50418600542683,1.3211784929312878,23.50418600542683,24.82536449835812
1422129,2024,Lucknow Super Giants,Naveen-ul-Haq,KL Rahul,1,Batted 1st,0,0.0,24,-3.2443853092943087,9,-6.284504873246192,0,0.0,-6.284504873246192,-3.2443853092943087,9,24,Bowling slot,-3.2443853092943087,-6.069685794630203,5.248869399410968,-9.6421210521552,0.1605678981857066,-6.069685794630203,5.248869399410968,2.8253004853358945,-8.493254708705276,-6.4450727714318985,-8.493254708705276,-14.938327480137175
1422129,2024,Punjab Kings,Prabhsimran Singh,Arshdeep Singh,2,Batted 2nd,7,7.105475417301776,0,0.0,0,0.0,18,9.08945221014774,7.105475417301776,9.08945221014774,7,18,Bowling slot,9.08945221014774,-13.998993966529397,-0.8178981044774403,-9.574957218185453,-5.017572850843718,-13.998993966529397,-0.8178981044774403,23.088446176677138,9.90735031462518,12.123048268145492,9.90735031462518,22.030398582770673
1422130,2024,Sunrisers Hyderabad,Washington Sundar,Mayank Agarwal,1,Batted 1st,1,-2.75242187594068,18,-2.8567085068339964,17,-10.996200576465213,0,0.0,-13.748622452405893,-2.8567085068339964,18,18,Bowling slot,-2.8567085068339964,-3.3041586371864007,3.025585284434996,-10.92209232120807,-2.071375285444732,-3.3041586371864007,3.025585284434996,0.44745013035240433,-5.882293791268992,-11.67724716696116,-5.882293791268992,-17.55954095823015
1422130,2024,Gujarat Titans,Sai Sudharsan,Mohit Sharma,2,Batted 2nd,36,-2.854330150119175,0,0.0,0,0.0,24,17.794187105591185,-2.854330150119175,17.794187105591185,36,24,Batting slot,-2.854330150119175,-0.5391803126260015,2.0908124689855665,-7.9518711509851805,-2.354221941305452,-7.9518711509851805,-2.354221941305452,5.097541000866006,-0.5001082088137228,-0.5001082088137228,15.703374636605618,15.203266427791895
1422131,2024,Delhi Capitals,Rasikh Salam,Prithvi Shaw,2,Batted 1st,0,0.0,12,-12.530169923107565,27,5.433816721774349,0,0.0,5.433816721774349,-12.530169923107565,27,12,Batting slot,5.433816721774349,-11.733913307888518,6.755029484470154,-6.739533975413316,-1.9056372842479519,-6.739533975413316,-1.9056372842479519,12.173350697187665,7.339454006022301,7.339454006022301,-19.285199407577718,-11.945745401555417
1422131,2024,Chennai Super Kings,Shivam Dube,Matheesha Pathirana,2,Batted 2nd,17,-7.0505129656270284,0,0.0,0,0.0,24,16.238417678927775,-7.0505129656270284,16.238417678927775,17,24,Bowling slot,16.238417678927775,-10.636202136470345,-2.559602673803603,-23.177951375476,-2.992784859726619,-10.636202136470345,-2.559602673803603,26.87461981539812,18.798020352731378,-4.057728105900409,18.798020352731378,14.740292246830968
1422132,2024,Mumbai Indians,Dewald Brevis,Naman Dhir,1,Batted 1st,1,-17.25816224075058,0,0.0,1,-16.227658907629888,0,0.0,-33.48582114838047,0.0,2,0,Batting slot,-33.48582114838047,-21.61261176789594,3.745636837347168,-14.28559280933871,-3.7513809224598385,-14.28559280933871,-3.7513809224598385,-19.200228339041757,-29.73444022592063,-29.73444022592063,-3.745636837347168,-33.4800770632678
1422132,2024,Rajasthan Royals,Shubham Dubey,Yuzvendra Chahal,1,Batted 2nd,6,0.7940908985337671,0,0.0,0,0.0,24,30.960605449859205,0.7940908985337671,30.960605449859205,6,24,Bowling slot,30.960605449859205,-10.050822286375258,9.07191100016495,-11.98201797335804,-3.904455017053921,-10.050822286375258,9.07191100016495,41.01142773623447,21.888694449694256,4.6985459155876885,21.888694449694256,26.587240365281943
1422133,2024,Lucknow Super Giants,Manimaran Siddharth,Quinton de Kock,2,Batted 1st,0,0.0,18,8.396106617128709,56,4.305033654448408,0,0.0,4.305033654448408,8.396106617128709,56,18,Batting slot,4.305033654448408,-16.013299276460195,5.808690472231717,-11.922481664176686,-4.310656620993484,-11.922481664176686,-4.310656620993484,16.227515318625095,8.615690275441892,8.615690275441892,2.5874161448969915,11.203106420338884
1422133,2024,Royal Challengers Bengaluru,Mahipal Lomror,Yash Dayal,2,Batted 2nd,13,21.538611871848204,0,0.0,0,0.0,24,13.186725659789097,21.538611871848204,13.186725659789097,13,24,Bowling slot,13.186725659789097,-8.814357253515098,0.8123047581459828,-13.767415022154466,-6.478686132236722,-8.814357253515098,0.8123047581459828,22.001082913304195,12.374420901643115,28.017298004084925,12.374420901643115,40.39171890572804
1422134,2024,Delhi Capitals,Abishek Porel,Khaleel Ahmed,1,Batted 2nd,5,-24.973794295240026,0,0.0,0,0.0,25,13.792867064311395,-24.973794295240026,13.792867064311395,5,25,Bowling slot,13.792867064311395,-10.246800028731855,0.20118882311921382,-21.32279754479768,-7.141901630877345,-10.246800028731855,0.20118882311921382,24.03966709304325,13.59167824119218,-17.83189266436268,13.59167824119218,-4.2402144231704995
1422134,2024,Kolkata Knight Riders,Vaibhav Arora,Angkrish Raghuvanshi,2,Batted 1st,0,0.0,24,36.480749558001044,27,-0.7075583985542409,0,0.0,-0.7075583985542409,36.480749558001044,27,24,Batting slot,-0.7075583985542409,-19.818097229863625,11.982412209202485,-10.596884284760932,-1.7865552005590548,-10.596884284760932,-1.7865552005590548,9.889325886206692,1.078996802004814,1.078996802004814,24.498337348798557,25.57733415080337
1422135,2024,Gujarat Titans,Mohit Sharma,Rahul Tewatia,2,Batted 1st,0,0.0,24,0.5035858821315209,8,4.642197622763587,0,0.0,4.642197622763587,0.5035858821315209,8,24,Bowling slot,0.5035858821315209,-9.092440377547021,0.34389367142889815,-11.972258708618625,-1.7284318621048242,-9.092440377547021,0.34389367142889815,9.596026259678542,0.15969221070262274,6.370629484868411,0.15969221070262274,6.530321695571034
1422135,2024,Punjab Kings,Ashutosh Sharma,Arshdeep Singh,2,Batted 2nd,17,7.035935110128367,0,0.0,0,0.0,24,2.272832893428296,7.035935110128367,2.272832893428296,17,24,Bowling slot,2.272832893428296,-5.954833172304461,0.34542575886644755,-14.834688542618608,-1.157373668675547,-5.954833172304461,0.34542575886644755,8.227666065732757,1.9274071345618484,8.193308778803914,1.9274071345618484,10.120715913365762
1422136,2024,Chennai Super Kings,Mukesh Choudhary,Shivam Dube,2,Batted 1st,0,0.0,7,-20.038816008822323,24,14.275522345124429,0,0.0,14.275522345124429,-20.038816008822323,24,7,Batting slot,14.275522345124429,-5.006045911740475,3.0883628886482604,-8.639922214706525,-6.42062863260724,-8.639922214706525,-6.42062863260724,22.915444559830952,20.69615097773167,20.69615097773167,-23.127178897470582,-2.431027919738913
1422136,2024,Sunrisers Hyderabad,Travis Head,T Natarajan,2,Batted 2nd,24,0.6043284264977729,0,0.0,0,0.0,24,-0.6890886588765248,0.6043284264977729,-0.6890886588765248,24,24,Bowling slot,-0.6890886588765248,-7.278280569618332,4.156223018232589,-10.380469880334658,0.1808620500869978,-7.278280569618332,4.156223018232589,6.589191910741807,-4.845311677109114,0.42346637641077506,-4.845311677109114,-4.421845300698339
1422137,2024,Rajasthan Royals,SB Dubey,Yuzvendra Chahal,1,Batted 2nd,0,0.0,0,0.0,0,0.0,24,6.256047866279378,0.0,6.256047866279378,0,24,Bowling slot,6.256047866279378,-7.279670003446881,1.5984403168479289,-16.060927986772754,1.6103468761472026,-7.279670003446881,1.5984403168479289,13.535717869726259,4.657607549431448,-1.6103468761472026,4.657607549431448,3.0472606732842458
1422137,2024,Royal Challengers Bengaluru,Himanshu Sharma,Saurav Chauhan,2,Batted 1st,0,0.0,12,-12.550437089421322,6,-1.4241375081906398,0,0.0,-1.4241375081906398,-12.550437089421322,6,12,Bowling slot,-12.550437089421322,-18.63574793035052,0.5776711665076213,-8.083053733071496,-3.2060279855820957,-18.63574793035052,0.5776711665076213,6.085310840929196,-13.128108255928943,1.781890477391456,-13.128108255928943,-11.346217778537486
1422138,2024,Delhi Capitals,Kumar Kushagra,Khaleel Ahmed,1,Batted 2nd,1,-2.9742419374672244,0,0.0,0,0.0,24,7.379251179803205,-2.9742419374672244,7.379251179803205,1,24,Bowling slot,7.379251179803205,-5.084422597243599,1.1241497592833831,-14.010130931066243,-3.3782197548441153,-5.084422597243599,1.1241497592833831,12.463673777046804,6.255101420519822,0.40397781737689087,6.255101420519822,6.659079237896713
1422138,2024,Mumbai Indians,Akash Madhwal,Suryakumar Yadav,2,Batted 1st,0,0.0,25,-4.430113530038341,2,-10.655410865892094,0,0.0,-10.655410865892094,-4.430113530038341,2,25,Bowling slot,-4.430113530038341,-11.814518480463335,6.8860227012516955,-15.68317618996554,-0.3907648517213378,-11.814518480463335,6.8860227012516955,7.384404950424994,-11.316136231290036,-10.264646014170756,-11.316136231290036,-21.580782245460792
1422139,2024,Lucknow Super Giants,Manimaran Siddharth,Marcus Stoinis,2,Batted 1st,0,0.0,27,0.19607816185479976,43,5.647772915435404,0,0.0,5.647772915435404,0.19607816185479976,43,27,Batting slot,5.647772915435404,-8.60423827467583,13.01043425773284,-12.954069428793105,-5.316003727659066,-12.954069428793105,-5.316003727659066,18.60184234422851,10.96377664309447,10.96377664309447,-12.81435609587804,-1.8505794527835704
1422139,2024,Gujarat Titans,Kane Williamson,Mohit Sharma,2,Batted 2nd,5,-11.508390051034041,0,0.0,0,0.0,18,-9.441654187442229,-11.508390051034041,-9.441654187442229,5,18,Bowling slot,-9.441654187442229,-2.680667908130536,7.137980727592243,-13.851524891300258,-5.373985939948496,-2.680667908130536,7.137980727592243,-6.760986279311693,-16.57963491503447,-6.134404111085545,-16.57963491503447,-22.714039026120016
1426260,2024,Kolkata Knight Riders,Anukul Roy,RK Singh,1,Batted 1st,3,-0.7532152484027599,10,-3.72502205665419,0,0.0,0,0.0,-0.7532152484027599,-3.72502205665419,3,10,Bowling slot,-3.72502205665419,-3.845624745248358,4.519743896519908,-15.178804787103275,-5.649503420211623,-3.845624745248358,4.519743896519908,0.12060268859416823,-8.244765953174099,4.896288171808863,-8.244765953174099,-3.3484777813652356
1426260,2024,Chennai Super Kings,Shivam Dube,Mustafizur Rahman,2,Batted 2nd,18,-1.8705322890536706,0,0.0,0,0.0,25,9.329840247539456,-1.8705322890536706,9.329840247539456,18,25,Bowling slot,9.329840247539456,-6.509198404857585,9.583681840595908,-7.941702560558156,-4.25079128422292,-6.509198404857585,9.583681840595908,15.839038652397042,-0.2538415930564515,2.3802589951692497,-0.2538415930564515,2.126417402112798
1426261,2024,Sunrisers Hyderabad,Rahul Tripathi,Travis Head,1,Batted 1st,14,-8.754277099966615,0,0.0,15,-6.30780285745692,0,0.0,-15.062079957423535,0.0,29,0,Batting slot,-15.062079957423535,-10.450568375051539,2.3747082417531673,-13.506618124077931,0.42375894521161445,-13.506618124077931,0.42375894521161445,-1.5554618333456034,-15.48583890263515,-15.48583890263515,-2.3747082417531673,-17.860547144388317
1426261,2024,Punjab Kings,Prabhsimran Singh,Arshdeep Singh,2,Batted 2nd,6,-14.260586869296674,0,0.0,0,0.0,24,33.078643332914716,-14.260586869296674,33.078643332914716,6,24,Bowling slot,33.078643332914716,-27.828954687882437,-5.457598470598928,-15.483336913824019,0.0017624883968103688,-27.828954687882437,-5.457598470598928,60.90759802079715,38.53624180351365,-14.262349357693484,38.53624180351365,24.273892445820163
1426262,2024,Rajasthan Royals,Keshav Maharaj,Yashasvi Jaiswal,2,Batted 1st,0,0.0,12,-1.0108129038116687,19,-8.498778159614488,0,0.0,-8.498778159614488,-1.0108129038116687,19,12,Batting slot,-8.498778159614488,-7.136527383050421,-0.18200826395878664,-13.388124056492728,0.37468247749805605,-13.388124056492728,0.37468247749805605,4.88934589687824,-8.873460637112544,-8.873460637112544,-0.828804639852882,-9.702265276965425
1426262,2024,Gujarat Titans,M Shahrukh Khan,Mohit Sharma,2,Batted 2nd,8,-1.3344774310384508,0,0.0,0,0.0,24,-4.5766357549853325,-1.3344774310384508,-4.5766357549853325,8,24,Bowling slot,-4.5766357549853325,-12.159003823184335,2.894171001151899,-7.6959049552945515,0.46504737923486467,-12.159003823184335,2.894171001151899,7.582368068199003,-7.4708067561372316,-1.7995248102733155,-7.4708067561372316,-9.270331566410547
1426263,2024,Royal Challengers Bengaluru,Saurav Chauhan,Rajat Patidar,1,Batted 1st,8,-5.483462344490448,0,0.0,26,17.659894260822313,0,0.0,12.176431916331865,0.0,34,0,Batting slot,12.176431916331865,-18.471054327341704,-9.497812924904478,-19.26652371388934,-2.522060020744268,-19.26652371388934,-2.522060020744268,31.442955630221206,14.698491937076133,14.698491937076133,9.497812924904478,24.19630486198061
1426263,2024,Mumbai Indians,Suryakumar Yadav,Akash Madhwal,2,Batted 2nd,19,22.08329813894764,0,0.0,0,0.0,24,-12.263069744541705,22.08329813894764,-12.263069744541705,19,24,Bowling slot,-12.263069744541705,-9.208033063251165,3.3771863323606635,0.4155710377459698,8.725894852619808,-9.208033063251165,3.3771863323606635,-3.05503668129054,-15.640256076902368,13.357403286327832,-15.640256076902368,-2.2828527905745357
1426264,2024,Lucknow Super Giants,Deepak Hooda,Quinton de Kock,1,Batted 1st,13,-10.036892702495699,0,0.0,13,-6.473319253335632,0,0.0,-16.51021195583133,0.0,26,0,Batting slot,-16.51021195583133,-13.609055131751632,0.08189355384453971,-13.702041627069406,-1.6768624992410974,-13.702041627069406,-1.6768624992410974,-2.808170328761925,-14.833349456590232,-14.833349456590232,-0.08189355384453971,-14.915243010434772
1426264,2024,Delhi Capitals,Abishek Porel,Khaleel Ahmed,1,Batted 2nd,0,0.0,0,0.0,0,0.0,24,5.153198062014816,0.0,5.153198062014816,0,24,Bowling slot,5.153198062014816,-8.799360926851795,5.773762847126049,-12.178223846408684,-0.08189355384453971,-8.799360926851795,5.773762847126049,13.952558988866612,-0.6205647851112328,0.08189355384453971,-0.6205647851112328,-0.5386712312666931
1426265,2024,Punjab Kings,Ashutosh Sharma,Prabhsimran Singh,1,Batted 1st,16,8.051356458278203,0,0.0,14,-13.028457452482044,0,0.0,-4.977100994203841,0.0,30,0,Batting slot,-4.977100994203841,-9.901828214524915,6.25761545836751,-14.925185675838463,-5.895878350902166,-14.925185675838463,-5.895878350902166,9.948084681634622,0.9187773566983246,0.9187773566983246,-6.25761545836751,-5.338838101669185
1426265,2024,Rajasthan Royals,Yashasvi Jaiswal,Kuldeep Sen,2,Batted 2nd,28,0.5765153128796356,0,0.0,0,0.0,24,-0.22719430883293512,0.5765153128796356,-0.22719430883293512,28,24,Batting slot,0.5765153128796356,7.294467142453403,11.618860939837983,-19.617550772137378,-5.446029723297814,-19.617550772137378,-5.446029723297814,20.194066085017013,6.0225450361774495,6.0225450361774495,-11.846055248670918,-5.823510212493469
1426266,2024,Lucknow Super Giants,Arshad Khan,Quinton de Kock,1,Batted 1st,4,-2.583799540985641,12,-9.743142097922671,8,-10.868403286929379,0,0.0,-13.45220282791502,-9.743142097922671,12,12,Bowling slot,-9.743142097922671,-17.778458461717776,-0.9027479956273894,-12.10688226020548,-3.2993411037673304,-17.778458461717776,-0.9027479956273894,8.035316363795104,-8.840394102295281,-10.152861724147689,-8.840394102295281,-18.99325582644297
1426267,2024,Chennai Super Kings,Matheesha Pathirana,Ajinkya Rahane,2,Batted 1st,0,0.0,24,30.271310470982677,8,-18.305175364143025,0,0.0,-18.305175364143025,30.271310470982677,8,24,Bowling slot,30.271310470982677,-10.583227046293187,-1.3178276194133516,-12.831298817585147,2.6610350741627533,-10.583227046293187,-1.3178276194133516,40.854537517275865,31.589138090396027,-20.96621043830578,31.589138090396027,10.622927652090247
1426267,2024,Mumbai Indians,Suryakumar Yadav,Akash Madhwal,2,Batted 2nd,2,-9.48912321151127,0,0.0,0,0.0,18,-9.903225215615052,-9.48912321151127,-9.903225215615052,2,18,Bowling slot,-9.903225215615052,-15.644476737419922,2.483870868157385,-10.891299337464929,-2.215839540259714,-15.644476737419922,2.483870868157385,5.74125152180487,-12.387096083772438,-7.273283671251556,-12.387096083772438,-19.660379755023992
1426268,2024,Royal Challengers Bengaluru,Anuj Rawat,Yash Dayal,1,Batted 2nd,14,0.33274827522097006,0,0.0,0,0.0,25,7.35567978513609,0.33274827522097006,7.35567978513609,14,25,Bowling slot,7.35567978513609,-2.075952522977367,0.9288640430760282,-19.881075075538774,-4.791593534467154,-2.075952522977367,0.9288640430760282,9.431632308113457,6.426815742060062,5.124341809688124,6.426815742060062,11.551157551748187
1426268,2024,Sunrisers Hyderabad,Mayank Markande,Travis Head,2,Batted 1st,0,0.0,24,12.10942106294803,41,14.043268896908145,0,0.0,14.043268896908145,12.10942106294803,41,24,Batting slot,14.043268896908145,-7.587910580678212,4.315096489594706,-16.836990456200056,-6.510817224356094,-16.836990456200056,-6.510817224356094,30.8802593531082,20.55408612126424,20.55408612126424,7.794324573353324,28.348410694617566
1426269,2024,Rajasthan Royals,Jos Buttler,Kuldeep Sen,2,Batted 2nd,60,36.15815359825525,0,0.0,0,0.0,24,-1.3886114972970294,36.15815359825525,-1.3886114972970294,60,24,Batting slot,36.15815359825525,-10.644507005313308,3.597152869370925,-15.323652624036256,-6.144769197305236,-15.323652624036256,-6.144769197305236,51.4818062222915,42.302922795560484,42.302922795560484,-4.985764366667954,37.317158428892526
1426269,2024,Kolkata Knight Riders,Vaibhav Arora,RK Singh,2,Batted 1st,0,0.0,19,-8.627447018148416,0,0.0,0,0.0,0.0,-8.627447018148416,0,19,Bowling slot,-8.627447018148416,-10.038467696034871,4.325489399667014,-19.909574129076134,-1.624999997523334,-10.038467696034871,4.325489399667014,1.4110206778864551,-12.95293641781543,1.624999997523334,-12.95293641781543,-11.327936420292096
1426270,2024,Gujarat Titans,M Shahrukh Khan,Sai Sudharsan,1,Batted 1st,1,-0.48898988220953754,0,0.0,9,-8.72176832652734,0,0.0,-9.210758208736877,0.0,10,0,Batting slot,-9.210758208736877,-8.646475006359509,1.1451024925537787,-23.460544653489215,-8.675478861922805,-23.460544653489215,-8.675478861922805,14.249786444752338,-0.5352793468140717,-0.5352793468140717,-1.1451024925537787,-1.6803818393678505
1426270,2024,Delhi Capitals,Abishek Porel,Khaleel Ahmed,1,Batted 2nd,7,-3.446210594694179,0,0.0,0,0.0,24,5.29220962175382,-3.446210594694179,5.29220962175382,7,24,Bowling slot,5.29220962175382,-3.578813155861738,16.39957166885766,-10.023305413107977,-0.22683987510418718,-3.578813155861738,16.39957166885766,8.871022777615558,-11.107362047103841,-3.2193707195899917,-11.107362047103841,-14.326732766693834
1426271,2024,Mumbai Indians,Akash Madhwal,Suryakumar Yadav,2,Batted 1st,0,0.0,20,-8.84975228070148,53,6.136485154037317,0,0.0,6.136485154037317,-8.84975228070148,53,20,Batting slot,6.136485154037317,-15.714349434971364,6.369952982046085,-12.936124932529907,-1.5909282547951829,-12.936124932529907,-1.5909282547951829,19.072610086567224,7.7274134088325,7.7274134088325,-15.219705262747565,-7.492291853915066
1426271,2024,Punjab Kings,Harpreet Singh,Arshdeep Singh,2,Batted 2nd,15,-9.28733786566525,0,0.0,0,0.0,18,-10.503671456306925,-9.28733786566525,-10.503671456306925,15,18,Bowling slot,-10.503671456306925,-0.7344863771515548,3.1007368171671783,-19.675085123911998,-1.3712674763863695,-0.7344863771515548,3.1007368171671783,-9.76918507915537,-13.604408273474103,-7.916070389278881,-13.604408273474103,-21.520478662752986
1426272,2024,Chennai Super Kings,Sameer Rizvi,Ajinkya Rahane,1,Batted 1st,5,-13.301931463543696,0,0.0,24,3.331112450566579,0,0.0,-9.970819012977117,0.0,29,0,Batting slot,-9.970819012977117,-4.590243626564572,0.5829981584470515,-13.844064483913797,-0.8795717395903134,-13.844064483913797,-0.8795717395903134,3.8732454709366806,-9.091247273386804,-9.091247273386804,-0.5829981584470515,-9.674245431833855
1426273,2024,Sunrisers Hyderabad,Washington Sundar,Travis Head,1,Batted 1st,0,0.0,12,-11.046577583333544,32,22.064329028826194,0,0.0,22.064329028826194,-11.046577583333544,32,12,Batting slot,22.064329028826194,-14.85960170870544,11.447979575766245,-13.49795384765585,-3.5806184334132714,-13.49795384765585,-3.5806184334132714,35.562282876482044,25.644947462239465,25.644947462239465,-22.49455715909979,3.150390303139673
1426273,2024,Delhi Capitals,Prithvi Shaw,Khaleel Ahmed,2,Batted 2nd,5,-10.651619144561948,0,0.0,0,0.0,18,-18.45325033500356,-10.651619144561948,-18.45325033500356,5,18,Bowling slot,-18.45325033500356,-20.1911033200912,4.290650068014054,-21.883699613580745,-4.698968072670198,-20.1911033200912,4.290650068014054,1.7378529850876419,-22.743900403017612,-5.952651071891751,-22.743900403017612,-28.696551474909363
1426274,2024,Kolkata Knight Riders,Suyash Sharma,RK Singh,2,Batted 1st,0,0.0,12,-16.104339937531932,0,0.0,0,0.0,0.0,-16.104339937531932,0,12,Bowling slot,-16.104339937531932,-29.996726032110093,4.220867983665127,-19.944196809543286,-1.3749999975992147,-29.996726032110093,4.220867983665127,13.89238609457816,-20.32520792119706,1.3749999975992147,-20.32520792119706,-18.950207923597844
1426274,2024,Royal Challengers Bengaluru,Suyash Prabhudessai,Yash Dayal,2,Batted 2nd,18,-0.9171767632308487,0,0.0,0,0.0,25,8.430115763147763,-0.9171767632308487,8.430115763147763,18,25,Bowling slot,8.430115763147763,-8.620634598097027,0.6424710544114887,-15.929120037120896,-0.4536470241736505,-8.620634598097027,0.6424710544114887,17.050750361244788,7.7876447087362735,-0.46352973905719824,7.7876447087362735,7.3241149696790755
1426275,2024,Punjab Kings,Harpreet Singh,Prabhsimran Singh,1,Batted 1st,19,-6.685581510626843,0,0.0,21,4.784167495026566,0,0.0,-1.9014140156002775,0.0,40,0,Batting slot,-1.9014140156002775,-8.56642046574995,5.862958352745369,-13.20710804692937,-5.149648381657637,-13.20710804692937,-5.149648381657637,11.305694031329093,3.2482343660573596,3.2482343660573596,-5.862958352745369,-2.614723986688009
1426275,2024,Gujarat Titans,Sai Sudharsan,Sandeep Warrier,1,Batted 2nd,34,-15.36853527272055,0,0.0,0,0.0,7,-14.038816008822323,-15.36853527272055,-14.038816008822323,34,7,Batting slot,-15.36853527272055,-1.125695844129595,10.381177576556889,-9.352246066292793,-2.8298878348216654,-9.352246066292793,-2.8298878348216654,-6.016289206427757,-12.538647437898884,-12.538647437898884,-24.41999358537921,-36.95864102327809
1426276,2024,Mumbai Indians,Nuwan Thushara,Suryakumar Yadav,2,Batted 1st,0,0.0,18,-0.9073549723945042,8,-11.460433832595186,0,0.0,-11.460433832595186,-0.9073549723945042,8,18,Bowling slot,-0.9073549723945042,-6.381715211567112,-1.2009957723748126,-17.358440582184073,-0.6787815617923834,-6.381715211567112,-1.2009957723748126,5.474360239172608,0.29364079998030834,-10.781652270802802,0.29364079998030834,-10.488011470822494
1426276,2024,Rajasthan Royals,Jos Buttler,Yuzvendra Chahal,2,Batted 2nd,25,-1.0862950762073496,0,0.0,0,0.0,24,-4.747840788961554,-1.0862950762073496,-4.747840788961554,25,24,Batting slot,-1.0862950762073496,-17.379740272156603,5.749022559870143,-6.313569876977439,4.599812341425364,-6.313569876977439,4.599812341425364,5.22727480077009,-5.686107417632714,-5.686107417632714,-10.496863348831697,-16.18297076646441
1426277,2024,Chennai Super Kings,Shardul Thakur,Ajinkya Rahane,2,Batted 1st,0,0.0,18,-16.175912233941368,3,-17.263640931729412,0,0.0,-17.263640931729412,-16.175912233941368,3,18,Bowling slot,-16.175912233941368,-13.086326452710395,1.373987603928801,-10.52686168363698,3.0527281883307507,-13.086326452710395,1.373987603928801,-3.089585781230973,-17.549899837870168,-20.316369120060163,-17.549899837870168,-37.86626895793033
1426277,2024,Lucknow Super Giants,Devdutt Padikkal,Yash Thakur,2,Batted 2nd,19,-11.666962380170503,0,0.0,0,0.0,24,2.704997984989813,-11.666962380170503,2.704997984989813,19,24,Bowling slot,2.704997984989813,-8.008839022189864,-0.14099959898283068,-19.001632562243543,3.9197897981078116,-8.008839022189864,-0.14099959898283068,10.713837007179677,2.8459975839726437,-15.586752178278314,2.8459975839726437,-12.74075459430567
1426278,2024,Delhi Capitals,Rasikh Salam,Prithvi Shaw,2,Batted 1st,0,0.0,24,7.209085815182057,7,-12.193469483559767,0,0.0,-12.193469483559767,7.209085815182057,7,24,Bowling slot,7.209085815182057,-9.733328750071657,-0.041817167113027943,-15.352151956222258,1.8386939007885652,-9.733328750071657,-0.041817167113027943,16.942414565253713,7.250902982295085,-14.032163384348332,7.250902982295085,-6.781260402053246
1426278,2024,Gujarat Titans,Sai Sudharsan,Sandeep Warrier,2,Batted 2nd,39,3.6443918058369746,0,0.0,0,0.0,18,47.260242877042685,3.6443918058369746,47.260242877042685,39,18,Batting slot,3.6443918058369746,-22.900522036562922,-7.376707149570957,-15.549599691956189,-1.3305489731817364,-15.549599691956189,-1.3305489731817364,19.193991497793164,4.974940779018711,4.974940779018711,54.63695002661364,59.61189080563235
1426279,2024,Royal Challengers Bengaluru,Swapnil Singh,Rajat Patidar,1,Batted 1st,6,0.10973676326147297,19,3.62578493644925,20,20.55660855575958,0,0.0,20.666345319021055,3.62578493644925,26,19,Batting slot,20.666345319021055,-18.392805439159964,6.562369176146672,-12.68184881950367,-4.277724218725056,-12.68184881950367,-4.277724218725056,33.348194138524725,24.94406953774611,24.94406953774611,-2.9365842396974218,22.00748529804869
1426279,2024,Sunrisers Hyderabad,Travis Head,T Natarajan,2,Batted 2nd,3,-16.90368860894091,0,0.0,0,0.0,24,9.461933170838687,-16.90368860894091,9.461933170838687,3,24,Bowling slot,9.461933170838687,-13.2997381144178,-0.7436555295849002,-16.354806001138854,-2.8995901538209305,-13.2997381144178,-0.7436555295849002,22.761671285256487,10.205588700423588,-14.00409845511998,10.205588700423588,-3.7985097546963917
1426280,2024,Punjab Kings,Prabhsimran Singh,Arshdeep Singh,2,Batted 2nd,20,19.371251472344085,0,0.0,0,0.0,24,13.081779528258835,19.371251472344085,13.081779528258835,20,24,Bowling slot,13.081779528258835,-10.4378965982947,-0.6163559041819429,-5.00396250365786,0.4009483974795103,-10.4378965982947,-0.6163559041819429,23.519676126553534,13.698135432440777,18.970303074864574,13.698135432440777,32.66843850730535
1426280,2024,Kolkata Knight Riders,Anukul Roy,Venkatesh Iyer,2,Batted 1st,0,0.0,12,-4.979101353456144,23,-13.151522476273756,0,0.0,-13.151522476273756,-4.979101353456144,23,12,Batting slot,-13.151522476273756,-12.186197900068137,-2.5991658852210784,-7.427934775057054,0.5252537448207727,-7.427934775057054,0.5252537448207727,-5.723587701216703,-13.67677622109453,-13.67677622109453,-2.379935468235066,-16.056711689329596
1426281,2024,Mumbai Indians,Suryakumar Yadav,Nuwan Thushara,2,Batted 2nd,13,-5.770412028159342,0,0.0,0,0.0,24,0.6898819042881623,-5.770412028159342,0.6898819042881623,13,24,Bowling slot,0.6898819042881623,-18.367951305125786,1.062023621058453,-16.817706473173956,-1.8032875534912358,-18.367951305125786,1.062023621058453,19.05783320941395,-0.37214171677029073,-3.967124474668106,-0.37214171677029073,-4.339266191438396
1426281,2024,Delhi Capitals,Rasikh Salam,Kumar Kushagra,2,Batted 1st,0,0.0,24,32.26773288645166,0,0.0,0,0.0,0.0,32.26773288645166,0,24,Bowling slot,32.26773288645166,-23.392523708575553,-2.05354657537424,-18.364187900249277,-1.0000000015967376,-23.392523708575553,-2.05354657537424,55.660256595027214,34.3212794618259,1.0000000015967376,34.3212794618259,35.32127946342264
1426282,2024,Rajasthan Royals,Riyan Parag,Yuzvendra Chahal,2,Batted 2nd,11,-5.671140168555809,0,0.0,0,0.0,24,-9.548460346161292,-5.671140168555809,-9.548460346161292,11,24,Bowling slot,-9.548460346161292,-7.192072805845498,6.137127148945883,-5.893850112419102,5.348430691114137,-7.192072805845498,6.137127148945883,-2.3563875403157937,-15.685587495107175,-11.019570859669946,-15.685587495107175,-26.70515835477712
1426282,2024,Lucknow Super Giants,Amit Mishra,Quinton de Kock,2,Batted 1st,0,0.0,12,0.8780971981056211,3,-9.692772314829824,0,0.0,-9.692772314829824,0.8780971981056211,3,12,Bowling slot,0.8780971981056211,-15.974281992163718,-2.7667799656677268,-18.2801936239361,-0.8845459891320685,-15.974281992163718,-2.7667799656677268,16.85237919026934,3.644877163773348,-8.808226325697756,3.644877163773348,-5.163349161924408
1426283,2024,Gujarat Titans,Sandeep Warrier,Sai Sudharsan,2,Batted 1st,0,0.0,6,-5.491968749936007,49,13.100678482275084,0,0.0,13.100678482275084,-5.491968749936007,49,6,Batting slot,13.100678482275084,-20.906965254713576,-9.795757600387729,-13.563917258701537,-5.525163471607378,-13.563917258701537,-5.525163471607378,26.664595740976623,18.625841953882464,18.625841953882464,4.303788850451722,22.929630804334188
1426284,2024,Chennai Super Kings,Shardul Thakur,Shivam Dube,2,Batted 1st,0,0.0,25,4.810196260408045,20,-1.856942437925413,0,0.0,-1.856942437925413,4.810196260408045,20,25,Bowling slot,4.810196260408045,-4.786715112302431,15.037960745597166,-17.801123958387876,-1.0357643876171179,-4.786715112302431,15.037960745597166,9.596911372710476,-10.227764485189121,-0.821178050308295,-10.227764485189121,-11.048942535497417
1426284,2024,Sunrisers Hyderabad,Anmolpreet Singh,T Natarajan,2,Batted 2nd,1,-16.678442180404176,0,0.0,0,0.0,24,5.070624936821366,-16.678442180404176,5.070624936821366,1,24,Bowling slot,5.070624936821366,-7.23705825749235,0.1858750103145038,-15.209090347908715,-6.33215578079897,-7.23705825749235,0.1858750103145038,12.307683194313716,4.884749926506862,-10.346286399605205,4.884749926506862,-5.461536473098343
1426285,2024,Delhi Capitals,Kumar Kushagra,Prithvi Shaw,1,Batted 1st,3,-6.133407965866532,0,0.0,7,-7.151869159585914,0,0.0,-13.285277125452446,0.0,10,0,Batting slot,-13.285277125452446,-11.192740713411524,-2.2970553045198714,-12.11673310118428,-3.4403302583407327,-12.11673310118428,-3.4403302583407327,-1.168544024268165,-9.844946867111712,-9.844946867111712,2.2970553045198714,-7.5478915625918415
1426286,2024,Mumbai Indians,Nuwan Thushara,Suryakumar Yadav,2,Batted 1st,0,0.0,24,13.895675657828939,6,-8.642253868164886,0,0.0,-8.642253868164886,13.895675657828939,6,24,Bowling slot,13.895675657828939,-2.792918468110365,5.72550853288176,-16.07873915203561,-4.950749447794266,-2.792918468110365,5.72550853288176,16.688594125939304,8.170167124947179,-3.69150442037062,8.170167124947179,4.478662704576559
1426286,2024,Lucknow Super Giants,Arshin Kulkarni,Mayank Yadav,2,Batted 2nd,1,-14.507657938654177,0,0.0,0,0.0,20,-11.740658883019293,-14.507657938654177,-11.740658883019293,1,20,Bowling slot,-11.740658883019293,-1.7785952438833874,11.997781666707661,-12.219062559182284,-4.002222911940509,-1.7785952438833874,11.997781666707661,-9.962063639135906,-23.738440549726953,-10.505435026713668,-23.738440549726953,-34.24387557644062
1426287,2024,Chennai Super Kings,Sameer Rizvi,Ajinkya Rahane,1,Batted 1st,23,-9.963747093850017,0,0.0,24,-1.1828616596453116,0,0.0,-11.146608753495329,0.0,47,0,Batting slot,-11.146608753495329,-16.012116915336065,0.41436485304928794,-8.636126770382816,-4.516940116170616,-8.636126770382816,-4.516940116170616,-2.5104819831125127,-6.629668637324713,-6.629668637324713,-0.41436485304928794,-7.044033490374001
1426287,2024,Punjab Kings,Prabhsimran Singh,Arshdeep Singh,2,Batted 2nd,10,-8.683708387015031,0,0.0,0,0.0,24,-7.556455481403402,-8.683708387015031,-7.556455481403402,10,24,Bowling slot,-7.556455481403402,-15.625155441316366,9.160940986384485,-12.730404923792182,1.4457886039175039,-15.625155441316366,9.160940986384485,8.068699959912964,-16.717396467787886,-10.129496990932534,-16.717396467787886,-26.84689345872042
1426288,2024,Rajasthan Royals,Jos Buttler,Yuzvendra Chahal,2,Batted 2nd,1,-15.992815800084287,0,0.0,0,0.0,24,-26.940490300515137,-15.992815800084287,-26.940490300515137,1,24,Bowling slot,-26.940490300515137,-1.2950428809345667,8.735119991674374,-19.556639862932826,0.5704037334145607,-1.2950428809345667,8.735119991674374,-25.64544741958057,-35.67561029218951,-16.56321953349885,-35.67561029218951,-52.238829825688356
1426288,2024,Sunrisers Hyderabad,Jaydev Unadkat,Anmolpreet Singh,2,Batted 1st,0,0.0,12,-5.130315721324521,5,-10.791408891884828,0,0.0,-10.791408891884828,-5.130315721324521,5,12,Bowling slot,-5.130315721324521,-12.180182392419745,2.8550508979178137,-10.266865417797021,0.6978548064256169,-12.180182392419745,2.8550508979178137,7.049866671095224,-7.985366619242335,-11.489263698310445,-7.985366619242335,-19.47463031755278
1426289,2024,Mumbai Indians,Rohit Sharma,Nuwan Thushara,2,Batted 2nd,12,-12.357260206713903,0,0.0,0,0.0,25,29.08438727336792,-12.357260206713903,29.08438727336792,12,25,Bowling slot,29.08438727336792,-16.2973036462064,-0.9672275645697777,-13.723744772583146,-3.689098924380511,-16.2973036462064,-0.9672275645697777,45.381690919574325,30.0516148379377,-8.668161282333392,30.0516148379377,21.383453555604305
1426289,2024,Kolkata Knight Riders,Manish Pandey,Angkrish Raghuvanshi,2,Batted 1st,31,13.0612426096612,0,0.0,6,-5.985035553469032,0,0.0,7.0762070561921675,0.0,37,0,Batting slot,7.0762070561921675,-16.78348779232926,9.849649890103802,-14.188884245106934,-3.9155570633389,-14.188884245106934,-3.9155570633389,21.2650913012991,10.991764119531068,10.991764119531068,-9.849649890103802,1.142114229427266
1426290,2024,Gujarat Titans,Vijay Shankar,Sai Sudharsan,1,Batted 1st,7,-5.5635444622366705,0,0.0,14,-19.148276682133826,0,0.0,-24.711821144370496,0.0,21,0,Batting slot,-24.711821144370496,-18.605973706710472,-2.5072461830489643,-19.16450926223189,-2.5670535382685644,-19.16450926223189,-2.5670535382685644,-5.547311882138608,-22.144767606101933,-22.144767606101933,2.5072461830489643,-19.63752142305297
1426290,2024,Royal Challengers Bengaluru,Rajat Patidar,Yash Dayal,1,Batted 2nd,3,-10.224397964120826,0,0.0,0,0.0,24,10.948928834857508,-10.224397964120826,10.948928834857508,3,24,Bowling slot,10.948928834857508,-16.02771493316841,6.8598641231323,-12.97981722836981,3.25151841133795,-16.02771493316841,6.8598641231323,26.97664376802592,4.089064711725208,-13.475916375458775,4.089064711725208,-9.386851663733566
1426291,2024,Punjab Kings,Prabhsimran Singh,Arshdeep Singh,2,Batted 2nd,23,-1.3639095641376855,0,0.0,0,0.0,24,-2.0144464018036485,-1.3639095641376855,-2.0144464018036485,23,24,Bowling slot,-2.0144464018036485,-12.219531839626114,5.652539170464531,-16.694333799590453,-5.188433988638132,-12.219531839626114,5.652539170464531,10.205085437822465,-7.66698557226818,3.8245244245004466,-7.66698557226818,-3.8424611477677333
1426291,2024,Chennai Super Kings,Simarjeet Singh,Ajinkya Rahane,2,Batted 1st,0,0.0,18,13.018201333298954,7,-10.774502457965184,0,0.0,-10.774502457965184,13.018201333298954,7,18,Bowling slot,13.018201333298954,-18.2728807796631,8.04600962344401,-10.452214077887504,-1.5473746992553825,-18.2728807796631,8.04600962344401,31.291082112962055,4.972191709854943,-9.227127758709802,4.972191709854943,-4.254936048854859
1426292,2024,Kolkata Knight Riders,Vaibhav Arora,Angkrish Raghuvanshi,2,Batted 1st,0,0.0,12,-3.349759354933923,26,-14.962585437514988,0,0.0,-14.962585437514988,-3.349759354933923,26,12,Batting slot,-14.962585437514988,5.179389809812129,18.490840103291482,-10.316334245021608,0.2803693516279993,-10.316334245021608,0.2803693516279993,-4.646251192493381,-15.242954789142988,-15.242954789142988,-21.840599458225405,-37.0835542473684
1426292,2024,Lucknow Super Giants,Arshin Kulkarni,Yash Thakur,2,Batted 2nd,7,-15.818264534997098,0,0.0,0,0.0,24,3.4330454639163026,-15.818264534997098,3.4330454639163026,7,24,Bowling slot,3.4330454639163026,-9.31426500808584,1.5944924187004486,-19.477247529801794,-8.142908514058487,-9.31426500808584,1.5944924187004486,12.747310472002143,1.838553045215854,-7.675356020938612,1.838553045215854,-5.836802975722757
1426292,2024,Lucknow Super Giants,Yudhvir Singh,Mohsin Khan,2,Batted 2nd,7,4.141639300161536,12,4.341352938414346,0,0.0,12,-8.166365144236323,4.141639300161536,-3.8250122058219773,7,24,Bowling slot,-3.8250122058219773,-9.31426500808584,3.365002436388194,-19.477247529801794,-10.36067560685389,-9.31426500808584,3.365002436388194,5.489252802263863,-7.190014642210171,14.502314907015426,-7.190014642210171,7.3123002648052555
1426293,2024,Sunrisers Hyderabad,Sanvir Singh,Abhishek Sharma,1,Batted 1st,7,0.2702478623198097,0,0.0,16,-13.105104286027029,0,0.0,-12.834856423707219,0.0,23,0,Batting slot,-12.834856423707219,-13.544024692376965,-2.1814911507955244,-11.83891507552822,-1.4266741283514746,-11.83891507552822,-1.4266741283514746,-0.9959413481789987,-11.408182295355743,-11.408182295355743,2.1814911507955244,-9.226691144560219
1426294,2024,Delhi Capitals,Rasikh Salam,Abishek Porel,1,Batted 1st,3,3.1953817344082927,18,-2.7532207152759405,36,0.9892487047826108,0,0.0,4.1846304391909035,-2.7532207152759405,39,18,Batting slot,4.1846304391909035,-8.96705604358975,6.550644139342483,-11.008347969749337,-0.7406614886610499,-11.008347969749337,-0.7406614886610499,15.192978408940242,4.925291927851953,4.925291927851953,-9.303864854618423,-4.37857292676647
1426294,2024,Rajasthan Royals,Jos Buttler,Yuzvendra Chahal,2,Batted 2nd,17,-11.730166619849257,0,0.0,0,0.0,24,-3.589532938528574,-11.730166619849257,-3.589532938528574,17,24,Bowling slot,-3.589532938528574,-25.538338465025177,0.917906583993004,-14.906913375861905,-2.0299814846208015,-25.538338465025177,0.917906583993004,21.948805526496603,-4.507439522521578,-9.700185135228455,-4.507439522521578,-14.207624657750033
1426295,2024,Sunrisers Hyderabad,Abhishek Sharma,T Natarajan,1,Batted 2nd,28,38.57613401819786,0,0.0,0,0.0,24,-3.721014273126382,38.57613401819786,-3.721014273126382,28,24,Batting slot,38.57613401819786,-6.55034653722835,5.993852744729076,50.90377404648383,50.90377404648383,50.90377404648383,50.90377404648383,-12.32764002828597,-12.32764002828597,-12.32764002828597,-9.714867017855457,-22.042507046141427
1426296,2024,Punjab Kings,Jitesh Sharma,Vidwath Kaverappa,1,Batted 2nd,4,-10.869342524776698,0,0.0,0,0.0,24,24.0504793068539,-10.869342524776698,24.0504793068539,4,24,Bowling slot,24.0504793068539,-14.473933054584712,-3.610095866095913,-17.96077823413963,-4.2078222871012585,-14.473933054584712,-3.610095866095913,38.524412361438614,27.660575172949816,-6.66152023767544,27.660575172949816,20.999054935274376
1426296,2024,Royal Challengers Bengaluru,Yash Dayal,Rajat Patidar,2,Batted 1st,0,0.0,12,-4.340522973805832,23,17.106671074159067,0,0.0,17.106671074159067,-4.340522973805832,23,12,Batting slot,17.106671074159067,-7.815305819098768,9.548014728265853,-15.91037707168988,-3.3009530072190576,-15.91037707168988,-3.3009530072190576,33.017048145848946,20.407624081378124,20.407624081378124,-13.888537702071686,6.519086379306438
1426297,2024,Chennai Super Kings,Ajinkya Rahane,Tushar Deshpande,2,Batted 2nd,5,-40.14314667011888,0,0.0,0,0.0,24,12.49935258144999,-40.14314667011888,12.49935258144999,5,24,Bowling slot,12.49935258144999,-10.05222271426166,-1.4998705209332344,-21.84284695874757,0.17678082675945303,-10.05222271426166,-1.4998705209332344,22.55157529571165,13.999223102383224,-40.319927496878336,13.999223102383224,-26.32070439449511
1426297,2024,Gujarat Titans,Sandeep Warrier,Sai Sudharsan,2,Batted 1st,0,0.0,18,6.055809265582042,51,12.75294172826424,0,0.0,12.75294172826424,6.055809265582042,51,18,Batting slot,12.75294172826424,-21.12891962251853,6.499261992740353,-12.378433648373713,-5.91764723501602,-12.378433648373713,-5.91764723501602,25.131375376637955,18.67058896328026,18.67058896328026,-0.4434527271583111,18.22713623612195
1426299,2024,Rajasthan Royals,Nandre Burger,Dhruv Jurel,2,Batted 1st,0,0.0,18,7.486832049053,18,-5.125348894167685,0,0.0,-5.125348894167685,7.486832049053,18,18,Bowling slot,7.486832049053,-7.8948307559320625,3.980795645510124,-15.064655692849641,-7.687150092725219,-7.8948307559320625,3.980795645510124,15.381662804985062,3.5060364035428755,2.561801198557535,3.5060364035428755,6.06783760210041
1426299,2024,Chennai Super Kings,Sameer Rizvi,Daryl Mitchell,2,Batted 2nd,8,2.38060397024098,0,0.0,13,1.503676588603625,0,0.0,3.8842805588446048,0.0,21,0,Batting slot,3.8842805588446048,2.986544733106541,10.249649890103802,-10.408441655824184,-6.255018167089645,-10.408441655824184,-6.255018167089645,14.292722214668789,10.13929872593425,10.13929872593425,-10.249649890103802,-0.11035116416955226
1426300,2024,Royal Challengers Bengaluru,Swapnil Singh,Rajat Patidar,1,Batted 1st,1,-4.17089328992884,6,10.65958895137237,32,15.738615079216814,0,0.0,11.567721789287974,10.65958895137237,33,6,Batting slot,11.567721789287974,-12.481998019725602,7.098110083191108,-12.251699912354809,-2.830853034258141,-12.251699912354809,-2.830853034258141,23.81942170164278,14.398574823546115,14.398574823546115,3.561478868181262,17.960053691727378
1426300,2024,Delhi Capitals,David Warner,Khaleel Ahmed,2,Batted 2nd,2,-14.614301269364802,0,0.0,0,0.0,24,7.034734989597457,-14.614301269364802,7.034734989597457,2,24,Bowling slot,7.034734989597457,-17.44632939394421,0.24270289218431101,-17.206622513061248,-3.8633948181154216,-17.44632939394421,0.24270289218431101,24.481064383541668,6.792032097413146,-10.75090645124938,6.792032097413146,-3.958874353836234
1426302,2024,Lucknow Super Giants,Ayush Badoni,Mohsin Khan,1,Batted 2nd,9,-15.477167326670553,0,0.0,0,0.0,24,6.796618959489251,-15.477167326670553,6.796618959489251,9,24,Bowling slot,6.796618959489251,-5.722753163576315,0.200563505374059,-20.176099246795175,-0.8522832665063035,-5.722753163576315,0.200563505374059,12.519372123065565,6.596055454115192,-14.62488406016425,6.596055454115192,-8.028828606049057
1426302,2024,Delhi Capitals,Ishant Sharma,Abishek Porel,2,Batted 1st,0,0.0,24,36.93096393965479,33,11.636680126487448,0,0.0,11.636680126487448,36.93096393965479,33,24,Batting slot,11.636680126487448,-8.760358171521958,-1.8472805639887422,-17.804975318828326,-3.927336023644211,-17.804975318828326,-3.927336023644211,29.441655445315774,15.564016150131659,15.564016150131659,38.77824450364353,54.342260653775185
1426303,2024,Rajasthan Royals,Donovan Ferreira,Dhruv Jurel,1,Batted 1st,8,-5.637808050667438,0,0.0,1,-9.265372125009307,0,0.0,-14.903180175676745,0.0,9,0,Batting slot,-14.903180175676745,-8.534441742377155,5.831309926098816,-15.316630163946442,-3.7931336593552825,-15.316630163946442,-3.7931336593552825,0.41344998826969714,-11.110046516321463,-11.110046516321463,-5.831309926098816,-16.94135644242028
1426303,2024,Punjab Kings,Ashutosh Sharma,Arshdeep Singh,2,Batted 2nd,11,-0.6672096722291982,0,0.0,0,0.0,24,0.03237096920022964,-0.6672096722291982,0.03237096920022964,11,24,Bowling slot,0.03237096920022964,-4.757419743513026,9.043175696263756,-16.765744981171693,-4.748223326377481,-4.757419743513026,9.043175696263756,4.7897907127132555,-9.010804727063526,4.081013654148283,-9.010804727063526,-4.929791072915243
1426305,2024,Mumbai Indians,Rohit Sharma,Nuwan Thushara,2,Batted 2nd,38,6.902485762870995,0,0.0,0,0.0,24,31.69988584357048,6.902485762870995,31.69988584357048,38,24,Batting slot,6.902485762870995,-21.008731219591937,-2.95712655097795,-11.27250360822589,-4.986069392799408,-11.27250360822589,-4.986069392799408,18.174989371096885,11.888555155670403,11.888555155670403,34.65701239454843,46.545567550218834
1426305,2024,Lucknow Super Giants,Naveen-ul-Haq,Ayush Badoni,2,Batted 1st,0,0.0,25,-0.34678277292428517,10,2.378015693193072,0,0.0,2.378015693193072,-0.34678277292428517,10,25,Bowling slot,-0.34678277292428517,-5.343536224333384,5.669356551929829,-16.753864376996944,-1.9111450971311288,-5.343536224333384,5.669356551929829,4.9967534514090985,-6.016139324854114,4.289160790324201,-6.016139324854114,-1.7269785345299136
1426306,2024,Royal Challengers Bengaluru,Swapnil Singh,Rajat Patidar,2,Batted 1st,0,0.0,12,2.638422556357895,23,-1.213102432816406,0,0.0,-1.213102432816406,2.638422556357895,23,12,Batting slot,-1.213102432816406,-6.694987535124085,5.393596237866397,-7.2120115102664215,-0.9644829251233112,-7.2120115102664215,-0.9644829251233112,5.998909077450016,-0.2486195076930947,-0.2486195076930947,-2.755173681508502,-3.003793189201597
1426306,2024,Chennai Super Kings,Shivam Dube,Maheesh Theekshana,2,Batted 2nd,15,-21.071330408574994,0,0.0,0,0.0,24,15.98686037699268,-21.071330408574994,15.98686037699268,15,24,Bowling slot,15.98686037699268,-12.865869330681294,-1.7973720786872813,-18.128508277981183,-1.741083696872661,-12.865869330681294,-1.7973720786872813,28.852729707673973,17.784232455679962,-19.330246711702333,17.784232455679962,-1.5460142560223709
1426307,2024,Sunrisers Hyderabad,Travis Head,T Natarajan,2,Batted 2nd,1,-17.275482372039136,0,0.0,0,0.0,24,17.210334751247235,-17.275482372039136,17.210334751247235,1,24,Bowling slot,17.210334751247235,-15.627428984877646,-2.6420669529044787,-10.896670406009399,2.6886781534414124,-15.627428984877646,-2.6420669529044787,32.837763736124884,19.852401704151713,-19.964160525480548,19.852401704151713,-0.1117588213288343
1426307,2024,Punjab Kings,Arshdeep Singh,Ashutosh Sharma,2,Batted 1st,0,0.0,24,16.494298435864337,3,-6.721716763610878,0,0.0,-6.721716763610878,16.494298435864337,3,24,Bowling slot,16.494298435864337,-17.874303979056492,-3.0065938563191814,-5.57413794269354,0.4536194628143395,-17.874303979056492,-3.0065938563191814,34.36860241492083,19.50089229218352,-7.175336226425218,19.50089229218352,12.3255560657583
1426309,2024,Sunrisers Hyderabad,Sanvir Singh,Abhishek Sharma,1,Batted 1st,1,-9.729071387113649,0,0.0,4,-14.825354643298766,0,0.0,-24.554426030412415,0.0,5,0,Batting slot,-24.554426030412415,-17.843984126845882,-7.867600367626018,-16.461648033062275,-1.0770914911229552,-16.461648033062275,-1.0770914911229552,-8.09277799735014,-23.47733453928946,-23.47733453928946,7.867600367626018,-15.60973417166344
1426310,2024,Royal Challengers Bengaluru,Swapnil Singh,Rajat Patidar,1,Batted 1st,4,2.6422365324311756,12,-5.1590544215594605,22,0.4049778456222626,0,0.0,3.047214378053438,-5.1590544215594605,26,12,Batting slot,3.047214378053438,-12.129769586149905,1.458318678509673,-9.826934105540527,-3.042209118367494,-9.826934105540527,-3.042209118367494,12.874148483593965,6.089423496420933,6.089423496420933,-6.617373100069133,-0.5279496036482003
1426310,2024,Rajasthan Royals,Shimron Hetmyer,Yuzvendra Chahal,2,Batted 2nd,14,1.4692243733343737,0,0.0,0,0.0,24,-8.245988185034577,1.4692243733343737,-8.245988185034577,14,24,Bowling slot,-8.245988185034577,-16.024714825638185,6.623559408888399,-6.41668109185273,-0.6002938907205463,-16.024714825638185,6.623559408888399,7.778726640603608,-14.869547593922976,2.06951826405492,-14.869547593922976,-12.800029329868055
1426311,2024,Sunrisers Hyderabad,Shahbaz Ahmed,Travis Head,1,Batted 1st,18,-4.123453656286704,24,24.815531193666146,28,2.1212666363833534,0,0.0,-2.0021870199033502,24.815531193666146,46,24,Batting slot,-2.0021870199033502,-12.28943128310732,4.572119709475477,-13.4718400755211,-2.2807578038269574,-13.4718400755211,-2.2807578038269574,11.469653055617751,0.2785707839236071,0.2785707839236071,20.24341148419067,20.52198226811428
1426311,2024,Rajasthan Royals,Shimron Hetmyer,Yuzvendra Chahal,2,Batted 2nd,10,-12.113423448766312,0,0.0,0,0.0,24,-10.650394374268984,-12.113423448766312,-10.650394374268984,10,24,Bowling slot,-10.650394374268984,-18.76241565153153,7.724660956196999,-18.068109981137752,-5.0168532502190875,-18.76241565153153,7.724660956196999,8.112021277262546,-18.375055330465983,-7.096570198547225,-18.375055330465983,-25.47162552901321
1426312,2024,Sunrisers Hyderabad,Abdul Samad,Travis Head,1,Batted 1st,4,-8.284908614328764,0,0.0,1,-14.808161606456878,0,0.0,-23.09307022078564,0.0,5,0,Batting slot,-23.09307022078564,-14.049434110847017,-3.4720864227447614,-16.749287734194667,-6.461686581081485,-16.749287734194667,-6.461686581081485,-6.343782486590975,-16.631383639704154,-16.631383639704154,3.4720864227447614,-13.159297216959393
